microsegment,subcat,name,sku_ids
Fonda,Arroz,"Arroz SOS Super Extra Grano Grueso  1kg   Bolsa de 1 Kg - Desde 3 unidades, Arroz SOS Super Extra Grano Grueso  1kg   Bolsa de 1 Kg - Desde 1 unidad, Arroz SOS Super Extra Grano Grueso  1kg   Bolsa de 1 Kg - Desde 10 unidades, Arroz SOS Super Extra Grano Grueso  1kg   Bolsa de 1 Kg - Desde 5 unidades","308865, 275939, 308869, 308867"
Fonda,Arroz,"Arroz SOS Super Extra Grano Largo  1kg   Bolsa de 1 Kg - Desde 10 unidades, Arroz SOS Super Extra Grano Largo  1kg   Bolsa de 1 Kg - Desde 1 unidad, Arroz SOS Super Extra Grano Largo  1kg   Bolsa de 1 Kg - Desde 5 unidades, Arroz SOS Super Extra Grano Largo  1kg   Bolsa de 1 Kg - Desde 3 unidades","295514, 275941, 295512, 295506"
Fonda,Arroz,"Arroz SOS Super Extra Precocido  1kg   Bolsa de 1 Kg - Desde 1 unidad, Arroz SOS Super Extra Precocido  1kg   Bolsa de 1 Kg - Desde 3 unidades, Arroz SOS Super Extra Precocido  1kg   Bolsa de 1 Kg - Desde 5 unidades, Arroz SOS Super Extra Precocido  1kg   Bolsa de 1 Kg - Desde 10 unidades","275945, 295534, 295888, 295890"
Fonda,Arroz,"Arroz Super Extra La Merced  Bolsa de 1 kg. - Desde 1 bolsa, Arroz Super Extra La Merced  Bolsa de 1 kg. - Desde 10 bolsas, Arroz Super Extra La Merced  Bolsa de 1 kg. - Desde 5 bolsas","287391, 287393, 287392"
Fonda,Cerdo,Carne de Cerdo Para Al Pastor y Adobar  Congelado - Bolsa de 3 Kg - Desde 1 bolsa,325486
Fonda,Cerdo,"Carne de Cerdo Para Al Pastor y Adobar - SuKarne  Bolsa de 3.5 Kg ( corte de 9 mm de 325 g con 11 unidades) - 1 Bolsa (3.5 Kg), Carne de Cerdo Para Al Pastor y Adobar - SuKarne  Refrigerada - Bolsa de 3.5 Kg (11 unidades 325 gr c/u corte de 9 mm) - Desde 2 Bolsas (7 Kg), Carne de Cerdo Para Al Pastor y Adobar - SuKarne  Refrigerada - Bolsa de 3.5 Kg (11 unidades 325 gr c/u corte de 9 mm) - Desde 4 Bolsas (14 Kg), Carne de Cerdo Para Al Pastor y Adobar - SuKarne  Refrigerada - Bolsa de 3.5 Kg (11 unidades 325 gr c/u corte de 9 mm) - 1 Bolsa (3.5 Kg)","185451, 181339, 181340"
Fonda,Cerdo,"Carrillera de Cerdo  Congelado - Bolsa de 2 Kg - Desde 1 bolsa, Carrillera de Cerdo  Congelado - Bolsa de 2 Kg - Desde 3 Bolsas","290136, 290135"
Fonda,Cerdo,"Chuleta Ahumada Rebanada de Cerdo   Congelado - Bolsa de 1 Kg - Desde 3 Bolsas, Chuleta Ahumada Rebanada de Cerdo   Congelado - Bolsa de 1 Kg - Desde 6 Bolsas","290142, 290141"
Fonda,Cerdo,"Costilla Corbata de Cerdo  Sin Rebanar  Congelado - Bolsa de 2 Kg - Desde 1 bolsa, Costilla Corbata de Cerdo  Sin Rebanar  Congelado - Bolsa de 2 Kg - Desde 3 Bolsas","290155, 290154"
Fonda,Cerdo,"Espinazo de Cerdo  Congelado - Bolsa de 1 Kg - Desde 2 Bolsas, Espinazo de Cerdo  Congelado - Bolsa de 1 Kg - Desde 4 Bolsas","290176, 290175"
Fonda,Chiles Secos,"Chile Ancho seco Entero La Merced  Bolsa de 100 g - Desde 5 bolsas, Chile Ancho seco Entero La Merced  Bolsa de 100 g - Desde 10 bolsas, Chile Ancho seco Entero La Merced  Bolsa de 100 g - Desde 3 Bolsas","288250, 288251, 288249"
Fonda,Chiles Secos,"Chile Chipotle Entero Seco La Merced  Bolsa de 100 g - Desde 3 Bolsas, Chile Chipotle Entero Seco La Merced  Bolsa de 100 g - Desde 5 bolsas","287411, 287412"
Fonda,Chiles Secos,"Chile Guajillo Seco Entero La Merced  Bolsa de 100 g - Desde 3 Bolsas, Chile Guajillo Seco Entero La Merced  Bolsa de 100 g - Desde 5 bolsas, Chile Guajillo Seco Entero La Merced  Bolsa de 100 g - Desde 10 bolsas","287416, 287417, 287418"
Fonda,Chiles Secos,"Chile Pasilla Entero Seco La Merced  Bolsa de 100 g - Desde 5 bolsas, Chile Pasilla Entero Seco La Merced  Bolsa de 100 g - Desde 10 bolsas, Chile Pasilla Entero Seco La Merced  Bolsa de 100 g - Desde 3 Bolsas","287422, 287423, 287421"
Fonda,Chiles Secos,"Ciruela Pasa sin Hueso La Merced  bolsa de 250 g - Desde 1 bolsa, Ciruela Pasa sin Hueso La Merced  bolsa de 250 g - Desde 4 Bolsas","287425, 287426"
Fonda,Enlatados,Chiles Chipotles Enteros en Adobo San Marcos  2.8 kg  Lata de 2.8 kg - Desde 1 unidad,289359
Fonda,Enlatados,"Chiles Chipotles Enteros en Adobo San Marcos  800 g  Lata de 800 g - Desde 1 unidad, Chiles Chipotles Enteros en Adobo San Marcos  800 g  Lata de 800 g - Desde 3 unidades","289355, 289356"
Fonda,Enlatados,Chiles Jalapeños en Rodajas San Marcos  800 g  Lata de 800 g - Desde 1 unidad,289379
Fonda,Enlatados,Chiles Jalapeños Enteros en Escabeche San Marcos  1.7 kg  Lata de 1.7 Kg - Desde 1 unidad,289367
Fonda,Enlatados,Chiles Jalapeños Enteros en Escabeche San Marcos  780 g  Lata de 780 g - Desde 1 unidad,289363
Fonda,Enlatados,"Chiles Jalapeños Rajas en Escabeche San Marcos  1.7 kg  Lata de 1.7 Kg - Desde 1 unidad, Chiles Jalapeños Rajas en Escabeche San Marcos  1.7 kg  Lata de 1.7 Kg - Desde 3 unidades","289375, 289376"
Fonda,Enlatados,Chiles Jalapeños Rajas en Escabeche San Marcos  800 g  Lata de 800 g - Desde 1 unidad,289371
Fonda,Enlatados,Chipotles en Adobo La Costeña 2.9kg  1 Pieza - Unidad,60271
Fonda,Enlatados,"Elote La Costeña  Lata x 410g - Unidad, Elote La Costeña  Lata x 410g - Más de 3, Elote La Costeña  Lata x 410g - Más de 6, Elote La Costeña  Lata x 410g - Más de 24","-303471, 126705, 126703, 126701"
Fonda,Enlatados,"Frijol Bayo Refrito La Costeña de 580 g  Lata x 580g - Más de 6, Frijol Bayo Refrito La Costeña de 580 g  Lata x 580g - Unidad, Frijol Bayo Refrito La Costeña de 580 g  Lata x 580g - Más de 3, Frijol Bayo Refrito La Costeña  Lata x 580g - Más de 12, Frijol Bayo Refrito La Costeña de 580 g  Lata x 580g - Más de 12","126725, -303726, 126723, 126727"
Fonda,Enlatados,"Frijoles Enteros La Costeña  Lata x 560g - Unidad, Frijoles Enteros La Costeña  Lata x 560g - Más de 3, Frijoles Enteros La Costeña  Lata x 560g - Más de 6, Frijoles Enteros La Costeña  Lata x 560g - Más de 12","126486, 126690, -303510, 126484"
Fonda,Frutas,Aguacate Guacamole  Estándar - Único,-303675
Fonda,Frutas,"Aguacate Hass  Verde - Kg, Aguacate Hass  1a categoría - Kg, Aguacate Hass  Extra - Kg, Aguacate Hass  Verde - Caja, Aguacate Hass  Intermedio - Caja, Aguacate Hass  Intermedio - Kg","-303822, -304956, -303828, 69744, 69751"
Fonda,Frutas,Limón Amarillo  Estándar - Kg,-304296
Fonda,Papel & Toallas,"Papel Higienico Kleenex Cottonelle  Paquete con 12 Piezas - Desde 1 unidad, Papel Higienico Kleenex Cottonelle  Paquete con 12 Piezas - Desde 3 unidades","288958, 288959"
Fonda,Papel & Toallas,"Papel Higienico Kovu 6 Rollos x 600 Hojas  Paquete de 6 Rollos - Desde 1 paquete, Papel Higienico Kovu 6 Rollos x 600 Hojas  Paquete de 6 Rollos - Desde 3 Paquetes","288939, 301981"
Fonda,Papel & Toallas,Servilleta Petalo Interfoleada Jr. 250's x 24 piezas  Una Caja x 24 paquetes - Desde 1 caja,286896
Fonda,Papel & Toallas,"Servilleta Tradicional Kimlark x 500 Hojas  Una pieza - Desde 3 unidades, Servilleta Tradicional Kimlark x 500 Hojas  Una pieza - Desde 6 unidades","288966, 288967"
Fonda,Papel & Toallas,"Servitoalla Kihara 6 Rollos x 180 mts  Paquete de 6 Rollos - Desde 1 paquete, Servitoalla Kihara 6 Rollos x 180 mts  Paquete de 6 Rollos - Desde 3 paquetes","283690, 288938"
Fonda,Papel & Toallas,Toalla de Manos Marli  Caja x 10 paquetes/200 hojas - Caja,-303978
Fonda,Pasta,"Pasta La Moderna Codo de 200 g  Sobre x 200g - Más de 20, Pasta La Moderna Codo de 200 g  Sobre x 200g - Unidad, Pasta La Moderna Codo de 200 g  Sobre x 200g - Más de 10, Pasta La Moderna Codo de 200 g  Sobre x 200g - Más de 5","136078, -305250, 136442, 136440"
Fonda,Pasta,"Pasta La Moderna Espagueti de 200 g  Sobre x 200g - Más de 10, Pasta La Moderna Espagueti de 200 g  Sobre x 200g - Unidad, Pasta La Moderna Espagueti de 200 g  Sobre x 200g - Más de 20, Pasta La Moderna Espagueti de 200 g  Sobre x 200g - Más de 5, Pasta La Moderna Espagueti  Sobre x 200g - Más de 20","136392, -303942, 136394, 136396"
Fonda,Pasta,"Pasta La Moderna Fideo de 200 g  Sobre x 200g - Unidad, Pasta La Moderna Fideo de 200 g  Sobre x 200g - Más de 20, Pasta La Moderna Fideo de 200 g  Sobre x 200g - Más de 5, Pasta La Moderna Fideo de 200 g  Sobre x 200g - Más de 10","-305238, 136067, 136069, 136071"
Fonda,Pollo,"Fajitas de Pollo  Refrigerado - Bolsa de 1 Kg - Desde 2 Bolsas, Fajitas de Pollo  Refrigerado - Bolsa de 1 Kg - Desde 4 Bolsas","290178, 290179"
Fonda,Pollo,"Fajitas de Pollo.  Congelado - Bolsa de 1 Kg - Desde 2 Bolsas, Fajitas de Pollo.  Congelado - Bolsa de 1 Kg - Desde 4 Bolsas","290182, 290181"
Fonda,Pollo,"Milanesa Aplanada de Pollo  Refrigerado - Bolsa de 1 Kg ( 2mm de grosor) - Desde 2 Bolsas, Milanesa Aplanada de Pollo  Refrigerado - Bolsa de 1 Kg ( 2mm de grosor) - Desde 4 Bolsas, Milanesa Aplanada de Pollo  Refrigerado - Bolsa de 1 Kg ( 6mm de grosor) - Desde 2 Bolsas","295332, 290076, 290078"
Fonda,Pollo,"Milanesa de Pollo - La Penca.  Refrigerada - Bolsa de 2 Kg (De 35 Unidades con 0.5 a 1 mm de Grosor Aprox.) - Desde 2 Bolsas (4 kg), Milanesa de Pollo - La Penca.  Refrigerada - Bolsa de 2 Kg (De 35 Unidades con 0.5 a 1 mm de Grosor Aprox.) - 1 Bolsa (2 Kg)","180308, 180307"
Fonda,Pollo,"Milanesa Semiaplanada de Pechuga - Bachoco  Charola de 520 a 670 gr (4 Unidades de 130 a 165gr c/u Aprox.) - Desde 4 Charolas (2.4 Kg), Milanesa Semiaplanada de Pechuga - Bachoco  Charola de 520 a 670 gr (4 Unidades de 130 a 165gr c/u Aprox.) - Desde 6 Charolas (3.6 Kg)","167257, 167256"
Fonda,Pollo,Milanesa Sin Aplanar de Pollo - Ayvi.  Congelada - Caja de 11 Kg - 1 Caja (11 Kg),175195
Fonda,Pollo,"Pechuga de Pollo Corte Mariposa   Congelado - Bolsa de 2 Kg - Desde 2 Bolsas, Pechuga de Pollo Corte Mariposa   Congelado - Bolsa de 2 Kg - Desde 4 Bolsas","285341, 285342, 308265"
Fonda,Pollo,Pechuga Entera con Hueso y Piel  Refrigerado - Bolsa de 2 Kg / 4 Piezas Chicas (550gr c/u Aprox.) - Desde 1 bolsa,278241
Fonda,Pollo,"Pechuga Entera con Hueso y Piel.  Congelado - Bolsa de 2 Kg - Desde 1 bolsa, Pechuga Entera con Hueso y Piel.  Congelado - Bolsa de 2 Kg - Desde 3 Bolsas, Pechuga Entera con Hueso y Piel.  Congelado - Bolsa de 2 Kg - Desde 2 Bolsas","290277, 290275, 290276"
Fonda,Quesos,"Imitación Queso Oaxaca Orión de 1kg  Bolsa 1kg - Más de 2, Imitación Queso Oaxaca Orión de 1kg  Bolsa 1kg - Más de 4","106889, 106890"
Fonda,Quesos,"Imitación Queso Panela Orión  Bolsa 1kg - Más de 2, Imitación Queso Panela Orión de 1 Kg  Bolsa 1kg - Más de 4","106895, 106896"
Fonda,Quesos,Queso Canasto Mi Queso  3 Kg  Bolsa x 3 Kg - Unidad,91368
Fonda,Quesos,"Queso Estilo  Oaxaca Mi Queso 1 Kg  Bolsa 1kg - Desde 2 unidades, Queso Estilo  Oaxaca Mi Queso 1 Kg  Bolsa 1kg - Desde 5 unidades","91356, 91360"
Fonda,Quesos,"Queso Panela Quinta Azul  Bolsa 1kg - Más de 2, Queso Panela Quinta Azul  Bolsa 1kg - Más de 4","125839, 125840"
Fonda,Quesos,"Queso Tipo Manchego Hacienda San Diego  Barra x 3 Kg - Unidad, Queso Tipo Manchego Hacienda San Diego  Barra x 3 Kg - Más de 2","125851, 125852"
Fonda,Quesos,Queso Tipo Manchego La Quinta  Bolsa x 2.2 Kg - Unidad,132592
Fonda,Quesos,Queso-Rallado Tipo Chihuaha Clarita 2 Kg  Bolsa x 2Kg - Unidad,64000
Fonda,Res,Arrachera Marinada Suprema de Res  Congelado - Bolsa de 1 Kg - Desde 2 Bolsas,256705
Fonda,Res,"Bistec de Aguayón - Top Sirloin   Congelado - Bolsa de 1 Kg - Desde 2 Bolsas, Bistec de Aguayón - Top Sirloin   Congelado - Bolsa de 1 Kg - Desde 6 Bolsas, Bistec de Aguayón - Top Sirloin   Congelado - Bolsa de 1 Kg - Desde 4 Bolsas","290098, 290096, 290097"
Fonda,Res,"Bistec Para Asar de Res - SuKarne  Bolsa de 3.15 Kg (De 22 a 25 Unidades 4 mm de Grosor, De 125 a 145gr c/u Aprox.) - 1 Bolsa (3.15 Kg), Bistec Para Asar de Res - SuKarne  Refrigerado - Bolsa de 3.15 Kg (De 23 Unidades con 4 mm de grosor Aprox.) - Desde 3 Bolsas (9.45 Kg), Bistec Para Asar de Res - SuKarne  Bolsa de 3.15 Kg (De 22 a 25 Unidades 4 mm de Grosor, De 125 a 145gr c/u Aprox.) - Desde 2 Bolsas (6.3 Kg)","167142, 167144, 167143"
Fonda,Res,"Bistec Para Asar de Res Rebanada 4 mm  Congelado - Bolsa de 1 Kg - Desde 2 Bolsas, Bistec Para Asar de Res Rebanada 4 mm  Congelado - Bolsa de 1 Kg. - Desde 2 Bolsas, Bistec Para Asar de Res Rebanada 4 mm  Congelado - Bolsa de 1 Kg. - Desde 4 Bolsas","278268, 278267, 256701, 256702, 256703, 322342"
Fonda,Res,Milanesa de Pulpa Bola  Congelado - Bolsa de 1 Kg - Desde 2 Bolsas,290086
Fonda,Res,"Sábana de Res Pulpa Gusano - SuKarne  Refrigerada - Bolsa de 3 Kg (De 45 Unidades de 2.5 mm Aprox.) - 1 Bolsa (3 Kg), Sábana de Res Pulpa Gusano - SuKarne  Refrigerada - Bolsa de 3 Kg (De 45 Unidades de 2.5 mm Aprox.) - Desde 2 Bolsas (6 kg), Sábana de Res Pulpa Gusano - SuKarne  Refrigerada - Bolsa de 3 Kg (De 45 Unidades de 2.5 mm Aprox.) - Desde 3 Bolsas (9 Kg)","167170, 167171, 167172"
Fonda,Salsas,"Mole  Oaxaqueño - Caja 250g, Mole  Poblano - Cubeta x 10kg, Mole  Poblano - Caja 250g, Mole  Oaxaqueño - Cubeta x 10kg","-303993, -304812, -303981, -305175"
Fonda,Salsas,"Salsa Picante Valentina Roja 1L  Botella x 1L - Unidad, Salsa Picante Valentina Roja 1L  Caja x 12/1L - Caja","56316, 56318"
Fonda,Salsas,"Vinagre Blanco C Jacques 3.750L  Galón x 3.7L - Unidad, Vinagre Blanco La Costeña  3.750L  Galón x 3.7L - Unidad",59725
Fonda,Salsas,Vinagre de Manzana C Jacques 3.750L  Galón x 3.7L - Unidad,92313
Fonda,Verduras,Chile Habanero Naranja  Estándar - Kg,-304899
Fonda,Verduras,Elote Desgranado  Estándar - Kg,-303573
Fonda,Verduras,Jitomate Guaje para Salsa  2a categoría - Salsa,75331
Fonda,Verduras,Nopal Baby  Estándar - Kg,-304065
Fonda,Verduras,"Papa Amarilla  Para Guisar - Kg, Papa Amarilla  Para Guisar - Bulto","-304068, 80058"
Taquería,Aceites & Grasas,Aceite de Canola Golden Chef  Porron 10 L  Porrón 10 L - Desde 1 unidad,276997
Taquería,Aceites & Grasas,"Aceite Vegetal Mixto Negrita 850 ml   Botella x 850 ml. - Desde 3 unidades, Aceite Vegetal Mixto Negrita 850 ml   Botella x 850 ml. - Desde 12 unidades, Aceite Vegetal Mixto Negrita 850 ml   Botella x 850 ml. - Desde 6 unidades","277012, 277014, 277013"
Taquería,Aceites & Grasas,Aceite Vegetal Mixto Sol Bidón 20 L  Bidón x 20 litros - Desde 1 unidad,276989
Taquería,Cerdo,"Bistec Taquero de Cerdo  Congelado - Bolsa de 1 Kg - Desde 2 Bolsas, Bistec Taquero de Cerdo  Congelado - Bolsa de 1 Kg - Desde 4 Bolsas, Bistec Taquero de Cerdo  Congelado - Bolsa de 1 Kg - Desde 6 Bolsas","290102, 290101, 290100"
Taquería,Cerdo,Carne de Cerdo Para Al Pastor y Adobar  Congelado - Bolsa de 3 Kg - Desde 1 bolsa,325486
Taquería,Cerdo,"Carne de Cerdo Para Al Pastor y Adobar - SuKarne  Bolsa de 3.5 Kg ( corte de 9 mm de 325 g con 11 unidades) - 1 Bolsa (3.5 Kg), Carne de Cerdo Para Al Pastor y Adobar - SuKarne  Refrigerada - Bolsa de 3.5 Kg (11 unidades 325 gr c/u corte de 9 mm) - Desde 2 Bolsas (7 Kg), Carne de Cerdo Para Al Pastor y Adobar - SuKarne  Refrigerada - Bolsa de 3.5 Kg (11 unidades 325 gr c/u corte de 9 mm) - Desde 4 Bolsas (14 Kg), Carne de Cerdo Para Al Pastor y Adobar - SuKarne  Refrigerada - Bolsa de 3.5 Kg (11 unidades 325 gr c/u corte de 9 mm) - 1 Bolsa (3.5 Kg)","185451, 181339, 181340"
Taquería,Cerdo,"Carrillera de Cerdo  Congelado - Bolsa de 2 Kg - Desde 1 bolsa, Carrillera de Cerdo  Congelado - Bolsa de 2 Kg - Desde 3 Bolsas","290136, 290135"
Taquería,Cerdo,"Codillo de Cerdo Sin Perico   Congelado - Bolsa de 2 Kg - Desde 1 bolsa, Codillo de Cerdo Sin Perico   Congelado - Bolsa de 2 Kg - Desde 3 Bolsas","290149, 290148"
Taquería,Cerdo,"Costilla Corbata de Cerdo  Sin Rebanar  Congelado - Bolsa de 2 Kg - Desde 1 bolsa, Costilla Corbata de Cerdo  Sin Rebanar  Congelado - Bolsa de 2 Kg - Desde 3 Bolsas","290155, 290154"
Taquería,Cerdo,Costillas Back Rib   Congelado - Bolsa de 1 Kg - Desde 2 Bolsas,290162
Taquería,Cerdo,"Cuero de Cerdo  Congelado - Bolsa de 1 Kg - Desde 2 Bolsas, Cuero de Cerdo  Congelado - Bolsa de 1 Kg - Desde 4 Bolsas","290165, 290164"
Taquería,Cerdo,"Manitas de Cerdo  Congelado - Bolsa de 1 Kg - Desde 2 Bolsas, Manitas de Cerdo  Congelado - Bolsa de 1 Kg - Desde 4 Bolsas","290208, 290207"
Taquería,Cerdo,"Manteca de Cerdo    Refrigerado - Bolsa de 1 Kg - Desde 2 Bolsas, Manteca de Cerdo    Refrigerado - Bolsa de 1 Kg - Desde 4 Bolsas","290211, 290210"
Taquería,Chiles Secos,"Chile Ancho seco Entero La Merced  Bolsa de 100 g - Desde 5 bolsas, Chile Ancho seco Entero La Merced  Bolsa de 100 g - Desde 10 bolsas, Chile Ancho seco Entero La Merced  Bolsa de 100 g - Desde 3 Bolsas","288250, 288251, 288249"
Taquería,Chiles Secos,"Chile Chipotle Entero Seco La Merced  Bolsa de 100 g - Desde 3 Bolsas, Chile Chipotle Entero Seco La Merced  Bolsa de 100 g - Desde 5 bolsas","287411, 287412"
Taquería,Chiles Secos,"Chile Guajillo Seco Entero La Merced  Bolsa de 100 g - Desde 3 Bolsas, Chile Guajillo Seco Entero La Merced  Bolsa de 100 g - Desde 5 bolsas, Chile Guajillo Seco Entero La Merced  Bolsa de 100 g - Desde 10 bolsas","287416, 287417, 287418"
Taquería,Chiles Secos,"Chile Pasilla Entero Seco La Merced  Bolsa de 100 g - Desde 5 bolsas, Chile Pasilla Entero Seco La Merced  Bolsa de 100 g - Desde 10 bolsas, Chile Pasilla Entero Seco La Merced  Bolsa de 100 g - Desde 3 Bolsas","287422, 287423, 287421"
Taquería,Chiles Secos,"Ciruela Pasa sin Hueso La Merced  bolsa de 250 g - Desde 1 bolsa, Ciruela Pasa sin Hueso La Merced  bolsa de 250 g - Desde 4 Bolsas","287425, 287426"
Taquería,Cubiertos,"Cuchara Biodegradable Paquete x 25 piezas  Sopera - Paquete, Cuchara Biodegradable Paquete x 25 piezas  Sopera - Paquete x 25 piezas",-304992
Taquería,Cubiertos,Cuchillo Biodegradable Paquete x 25 piezas  Paquete de 25 piezas - Paquete,-304209
Taquería,Cubiertos,"Cuchillo Compostable Ecoshell  Paquete x 100 piezas - Desde 1 paquete, Cuchillo Compostable Ecoshell  Paquete x 100 piezas - Desde 3 paquetes","288273, 288274"
Taquería,Cubiertos,Popote Biodegradable Estuchado Corrugado 22 cm Caja x 500 Piezas  Caja x 500 piezas - Desde 1 caja,283697
Taquería,Cubiertos,Popote Biodegradable Estuchado Corrugado 26 cm Caja x 500 piezas  Caja x 500 piezas - Desde 1 caja,283695
Taquería,Cubiertos,"Tenedor Biodegradable Paquete x 25 Piezas  Sopero - Paquete, Tenedor Biodegradable Paquete x 25 Piezas  Paquete de 25 piezas - Desde 40 paquetes, Tenedor Biodegradable Paquete x 25 Piezas  Sopero - Paquete x 25 piezas","-304245, 230176"
Taquería,Cubiertos,"Tenedor Compostable Ecoshell  Paquete x 100 piezas - Desde 1 paquete, Tenedor Compostable Ecoshell  Paquete x 100 piezas - Desde 3 paquetes","288276, 288277"
Taquería,Embutidos,Chistorra  Refrigerado - Bolsa de 1 Kg - Desde 2 Bolsas,283595
Taquería,Embutidos,"Chorizo Argentino - La Penca.  Refrigerado - Bolsa de 2 Kg (De 12 Unidades, Con Grosor de 12 cm Aprox.) - 1 Bolsa (2 Kg), Chorizo Argentino - La Penca.  Bolsa de 2 Kg (De 10 a 15 Unidades, Con Grosor de 10 a 15 cm,  de 150 a 170 gr c/u Aprox.) - Desde 2 Bolsas (4 kg)","180304, 180305"
Taquería,Embutidos,"Longaniza Casera  Refrigerado - Bolsa de 1 Kg - Desde 2 Bolsas, Longaniza Casera  Refrigerado - Bolsa de 1 Kg - Desde 4 Bolsas","281989, 281990"
Taquería,Embutidos,"Longaniza de Cerdo Comercial   Refrigerado - Bolsa de 1 Kg - Desde 2 Bolsas, Longaniza de Cerdo Comercial   Refrigerado - Bolsa de 1 Kg - Desde 4 Bolsas","278272, 278273"
Taquería,Enlatados,"Chiles Chipotles Enteros en Adobo San Marcos  800 g  Lata de 800 g - Desde 1 unidad, Chiles Chipotles Enteros en Adobo San Marcos  800 g  Lata de 800 g - Desde 3 unidades","289355, 289356"
Taquería,Enlatados,Chipotles en Adobo La Costeña 2.9kg  1 Pieza - Unidad,60271
Taquería,Enlatados,"Elote La Costeña  Lata x 410g - Unidad, Elote La Costeña  Lata x 410g - Más de 3, Elote La Costeña  Lata x 410g - Más de 6, Elote La Costeña  Lata x 410g - Más de 24","-303471, 126705, 126703, 126701"
Taquería,Enlatados,"Frijol Bayo Refrito La Costeña de 580 g  Lata x 580g - Más de 6, Frijol Bayo Refrito La Costeña de 580 g  Lata x 580g - Unidad, Frijol Bayo Refrito La Costeña de 580 g  Lata x 580g - Más de 3, Frijol Bayo Refrito La Costeña  Lata x 580g - Más de 12, Frijol Bayo Refrito La Costeña de 580 g  Lata x 580g - Más de 12","126725, -303726, 126723, 126727"
Taquería,Enlatados,"Frijoles Enteros La Costeña  Lata x 560g - Unidad, Frijoles Enteros La Costeña  Lata x 560g - Más de 3, Frijoles Enteros La Costeña  Lata x 560g - Más de 6, Frijoles Enteros La Costeña  Lata x 560g - Más de 12","126486, 126690, -303510, 126484"
Taquería,Enlatados,"Piña  en Trozo San Marcos  800 g  Lata de 800 g - Desde 1 unidad, Piña  en Trozo San Marcos  800 g  Lata de 800 g - Desde 3 unidades, Piña  en Trozo San Marcos  800 g  Lata de 800 g - Desde 12 unidades","289387, 289988, 289989"
Taquería,Enlatados,"Piña  Rebanada San Marcos  800 g  Lata de 800 g - Desde 1 unidad, Piña  Rebanada San Marcos  800 g  Lata de 800 g - Desde 12 unidades, Piña  Rebanada San Marcos  800 g  Lata de 800 g - Desde 3 unidades","289383, 289385, 289384"
Taquería,Frutas,Aguacate Guacamole  Estándar - Único,-303675
Taquería,Frutas,"Aguacate Hass  Verde - Kg, Aguacate Hass  1a categoría - Kg, Aguacate Hass  Extra - Kg, Aguacate Hass  Verde - Caja, Aguacate Hass  Intermedio - Caja, Aguacate Hass  Intermedio - Kg","-303822, -304956, -303828, 69744, 69751"
Taquería,Frutas,Limón Amarillo  Estándar - Kg,-304296
Taquería,Frutas,"Limón con semilla  1a categoría - Kg, Limón con semilla  2a categoría - Bulto, Limón con semilla  1a categoría - Medio Bulto, Limón con semilla  1a categoría - Bulto","-304389, 213215, 70313, -304347"
Taquería,Frutas,"Limón sin semilla  1a categoría - Kg, Limón sin semilla  1a categoría - Caja, Limón sin semilla  2a categoría - Bulto","40493, -303687, 70318"
Taquería,Frutas,"Piña Cayena UND  Estándar - Unidad, Piña Cayena UND  Estándar - Caja","-303744, 113009"
Taquería,Frutas,"Piña Miel UND  Grande - Unidad, Piña Miel UND  Pequeña - Unidad, Piña Miel UND  Pequeña - Caja, Piña Miel UND  Grande - Caja","-304953, -304950, 112950, 112948"
Taquería,Panadería & Tortilleria,Pan Molido Bolsa x 1Kg.  Bolsa 1kg - Unidad,105641
Taquería,Panadería & Tortilleria,"Tortilla de Harina Ochoa 40 pzas  Paquete de 40 pzas - Desde 1 unidad, Tortilla de Harina Ochoa 40 pzas  Paquete de 40 pzas - Desde 6 unidades, Tortilla de Harina Ochoa 40 pzas  Paquete de 40 pzas - Desde 3 unidades","290226, 290228, 290227"
Taquería,Panadería & Tortilleria,"Tortilla de Maiz Ochoa 800 gr  Paquete de 800 gr - Desde 6 unidades, Tortilla de Maiz Ochoa 800 gr  Paquete de 800 gr - Desde 1 unidad","290232, 290230"
Taquería,Panadería & Tortilleria,Tortilla El Burrito 29cm 10 pzas  Paquete de 1kg - Unidad,55828
Taquería,Panadería & Tortilleria,Tortilla taquera de Maiz #11 Ochoa 1 kg  Paquete de 1 Kg - Desde 1 unidad,290234
Taquería,Panadería & Tortilleria,"Tostada de maíz Ochoa 260 gr  Paquete de 260 gr - Desde 3 unidades, Tostada de maíz Ochoa 260 gr  Paquete de 260 gr - Desde 1 unidad, Tostada de maíz Ochoa 260 gr  Paquete de 260 gr - Desde 6 unidades","290389, 290388, 290390"
Taquería,Panadería & Tortilleria,"Totopo de maiz casero Ochoa 250 gr  Paquete de 250 gr - Desde 1 unidad, Totopo de maiz casero Ochoa 250 gr  Paquete de 250 gr - Desde 6 unidades, Totopo de maiz casero Ochoa 250 gr  Paquete de 250 gr - Desde 3 unidades","290392, 290394, 290393"
Taquería,Panadería & Tortilleria,"Totopo para nachos Ochoa 250 gr  Paquete de 250 gr - Desde 1 unidad, Totopo para nachos Ochoa 250 gr  Paquete de 250 gr - Desde 6 unidades, Totopo para nachos Ochoa 250 gr  Paquete de 250 gr - Desde 3 unidades","290396, 290398, 290397"
Taquería,Papel & Toallas,Servilleta Petalo Interfoleada Jr. 250's x 24 piezas  Una Caja x 24 paquetes - Desde 1 caja,286896
Taquería,Papel & Toallas,"Servilleta Tradicional Kimlark x 500 Hojas  Una pieza - Desde 3 unidades, Servilleta Tradicional Kimlark x 500 Hojas  Una pieza - Desde 6 unidades","288966, 288967"
Taquería,Papel & Toallas,"Servitoalla Kihara 6 Rollos x 180 mts  Paquete de 6 Rollos - Desde 1 paquete, Servitoalla Kihara 6 Rollos x 180 mts  Paquete de 6 Rollos - Desde 3 paquetes","283690, 288938"
Taquería,Papel & Toallas,Toalla de Manos Marli  Caja x 10 paquetes/200 hojas - Caja,-303978
Taquería,Pescados & Mariscos Congelado,"Camarón Cocido Pacotilla Mediano - Capitán  Bolsa de 1 Kg Talla 51-60 - Desde 4 Bolsas  (4 Kg), Camarón Cocido Pacotilla Mediano - Capitán  Congelado - Bolsa de 1 Kg (Talla 51-60) - Desde 2 Bolsas  (2 kg)","167177, 167178"
Taquería,Pescados & Mariscos Congelado,"Camarón Cocido Pacotilla Pequeño - Capitán  Congelado - Bolsa de 1 Kg (Talla 100 - 200) - Desde 2 Bolsas  (2 kg), Camarón Cocido Pacotilla Pequeño - Capitán  Bolsa de 1 Kg Talla 100-200 - Desde 4 Bolsas  (4 Kg)","167180, 167181"
Taquería,Pescados & Mariscos Congelado,"Camarón Cocido Talla 41-50 - Capitán  Congelado - Bolsa de 1 Kg - Desde 2 Bolsas, Camarón Cocido Talla 41-50 - Capitán  Congelado - Bolsa de 1 Kg - Desde 4 Bolsas","244539, 244540"
Taquería,Pescados & Mariscos Congelado,"Camarón Grande Talla 21-25 Sin Cabeza- La Sanitaria.  Congelado - Bolsa de 2 Kg (De 100 Unidades Aprox. Sin Cabeza, Sin Pelar Ni Desvenar) - 1 Bolsa (2 Kg), Camarón Grande Talla 21-25 Sin Cabeza- La Sanitaria.  Bolsa de 2 Kg  (De 92 a 110 Unidades Aprox. Sin Cabeza, Sin Pelar Ni Desvenar) - Desde 2 Bolsas (4 kg)",180313
Taquería,Pescados & Mariscos Congelado,"Camarón Grande Talla 26-30 - La Sanitaria.  Congelado - Bolsa de 2 Kg (De 120 Unidades Peladas, Desvenadas y Sin Cabeza) - 1 Bolsa (2 Kg), Camarón Grande Talla 26-30 - La Sanitaria.  Bolsa de 2 Kg (De 115  a135 Unidades Peladas, Desvenadas y Sin Cabeza) - Desde 2 Bolsas (4 kg)","180316, 180317"
Taquería,Pescados & Mariscos Congelado,"Cubos de Atún Aleta Amarilla - Capitán  Congelado - Bolsa de 200g (Empacado al Vacío Sin Agua) - Desde 10 Bolsas  (2 Kg), Cubos de Atún Aleta Amarilla - Capitán  Bolsa de 200g (Empacado al Vacío Sin Agua) - Desde 15 Bolsas  (3 Kg)","167184, 167183"
Taquería,Pescados & Mariscos Congelado,"Filete  de Tilapia Económica Talla 3-5 - Capitán  Congelado - Caja de 4.54 Kg Talla 3-5 Oz - 1 caja (4.54 Kg), Filete  de Tilapia Económica Talla 3-5 - Capitán  Congelado - Caja de 4.54 Kg Talla 3-5 Oz - Desde 2 Cajas (9,08 Kg)","234267, 234268"
Taquería,Pollo,"Fajitas de Filete Pechuga - Pilgrims  Congelado- Paquete de 1.750 Kg - Desde 2 Paquetes (3,5 Kg)",234263
Taquería,Pollo,"Fajitas de Pollo  Refrigerado - Bolsa de 1 Kg - Desde 2 Bolsas, Fajitas de Pollo  Refrigerado - Bolsa de 1 Kg - Desde 4 Bolsas","290178, 290179"
Taquería,Pollo,"Fajitas de Pollo.  Congelado - Bolsa de 1 Kg - Desde 2 Bolsas, Fajitas de Pollo.  Congelado - Bolsa de 1 Kg - Desde 4 Bolsas","290182, 290181"
Taquería,Pollo,Molida de Pechuga de Pollo  Congelado - Bolsa de 1 Kg - Desde 2 Bolsas,297126
Taquería,Pollo,Pechuga Cocida de Pollo  Deshebrada  Refrigerado - Bolsa de 1 Kg - Desde 2 Bolsas,283601
Taquería,Pollo,"Pechuga Cocida y Deshebrada de Pollo - La Penca  Refrigerada - Bolsa de 1 Kg - Desde 2 Bolsas  (2 kg), Pechuga Cocida y Deshebrada de Pollo - La Penca  Bolsa de 1 Kg - Desde 4 Bolsas  (4 Kg), Pechuga Cocida y Deshebrada de Pollo - La Penca  Bolsa de 1 Kg - Desde 4 Bolsas  (4 kg)","179696, 179697"
Taquería,Quesos,"Imitación Queso Oaxaca Orión de 1kg  Bolsa 1kg - Más de 2, Imitación Queso Oaxaca Orión de 1kg  Bolsa 1kg - Más de 4","106889, 106890"
Taquería,Quesos,"Imitación Queso Panela Orión  Bolsa 1kg - Más de 2, Imitación Queso Panela Orión de 1 Kg  Bolsa 1kg - Más de 4","106895, 106896"
Taquería,Quesos,Queso Canasto Mi Queso  3 Kg  Bolsa x 3 Kg - Unidad,91368
Taquería,Quesos,"Queso Estilo  Oaxaca Mi Queso 1 Kg  Bolsa 1kg - Desde 2 unidades, Queso Estilo  Oaxaca Mi Queso 1 Kg  Bolsa 1kg - Desde 5 unidades","91356, 91360"
Taquería,Quesos,"Queso Panela Quinta Azul  Bolsa 1kg - Más de 2, Queso Panela Quinta Azul  Bolsa 1kg - Más de 4","125839, 125840"
Taquería,Quesos,"Queso Rallado Hacienda San Diego de 1 Kg  Bolsa 1kg - Desde 2 unidades, Queso Rallado Hacienda San Diego de 1 Kg  Bolsa 1kg - Desde 4 unidades","91374, 91376"
Taquería,Quesos,Queso-Rallado Tipo Chihuaha Clarita 2 Kg  Bolsa x 2Kg - Unidad,64000
Taquería,Res,"Arrachera Marinada de Res - Carnemart  Paquete de 850 gr a 1.1 Kg Aprox. - Desde 2 Paquetes (1.9 Kg), Arrachera Marinada de Res - Carnemart  Paquete de 850 gr a 1.1 Kg Aprox. - Desde 3 Paquetes (2.8 Kg)","167362, 167363"
Taquería,Res,"Arrachera Marinada de Res - SuKarne  Paquete de 800 gr a 1.2 Kg Aprox. - Desde 3 Paquetes (3 Kg), Arrachera Marinada de Res - SuKarne  Refrigerada - Paquete de 1 Kg Aprox. - Desde 2 Paquetes (2 Kg)","167140, 167139"
Taquería,Res,Arrachera Marinada Suprema de Res  Congelado - Bolsa de 1 Kg - Desde 2 Bolsas,256705
Taquería,Res,"Bistec de Aguayón - Top Sirloin   Congelado - Bolsa de 1 Kg - Desde 2 Bolsas, Bistec de Aguayón - Top Sirloin   Congelado - Bolsa de 1 Kg - Desde 6 Bolsas, Bistec de Aguayón - Top Sirloin   Congelado - Bolsa de 1 Kg - Desde 4 Bolsas","290098, 290096, 290097"
Taquería,Res,"Bistec Taquero de Res  Congelado - Bolsa de 1 Kg - Desde 3 Bolsas, Bistec Taquero de Res  Congelado - Bolsa de 1 Kg - Desde 7 Bolsas, Bistec Taquero de Res  Congelado - Bolsa de 1 Kg - Desde 5 bolsas","290106, 290104, 290105"
Taquería,Res,Chorizo Taquero  Congelado - Bolsa de 1 Kg - Desde 2 Bolsas,"256713, 256714"
Taquería,Res,"Costilla Para Asar Sin Hueso Rebanada de Res  Congelado - Bolsa de 1 Kg - Desde 2 Bolsas, Costilla Para Asar Sin Hueso Rebanada de Res  Congelado - Bolsa de 1 Kg - Desde 6 Bolsas","290159, 290157"
Taquería,Res,Hueso Perico  Congelado - Bolsa de 1 Kg - Desde 2 Bolsas,290192
Taquería,Res,"Menudo Pancita de Res - SuKarne  Paquete de 1 Kg (Cortada en Cubos de 4x4 cm) - Desde 4 Paquetes (4 Kg), Menudo Pancita de Res - SuKarne  Paquete de 1 Kg (Cortada en Cubos de 4x4 cm) - Desde 2 Paquetes (2 Kg)","167155, 167156"
Taquería,Res,Molida Mixta de Res y Cerdo  Congelado - Bolsa de 1 Kg - Desde 2 Bolsas,290244
Taquería,"Vasos, Contenedores & Platos","Charola 66 Térmica Biodegradable Reyma  Paquete x 50 piezas - Unidad, Charola 66 Térmica Biodegradable Reyma  Paquete x 50 piezas - Más de 10, Charola 66 Térmica Biodegradable Reyma  Paquete x 50 piezas - Más de 5","126058, 123843, 123844"
Taquería,"Vasos, Contenedores & Platos",Charola Biodegradable  Paquete de 50 piezas - Paquete,-305028
Taquería,"Vasos, Contenedores & Platos","Charola No. 66 Reyma Mariel  Paquete de 50 piezas - Paquete, Charola No. 66 Reyma Mariel  Paquete de 50 piezas - Desde 10 paquetes","37188, 219697"
Taquería,"Vasos, Contenedores & Platos","Charola No. 855 Reyma  Paquete de 50 piezas - Paquete, Charola No. 855 Reyma  Paquete de 50 piezas - Desde 10 paquetes, Charola No 855  Paquete x 50 piezas - Unidad","37211, 219702"
Taquería,Verduras,"Cebolla Blanca  XL - Limpia, Cebolla Blanca  XL - Limpia medio bulto, Cebolla Blanca  Mediana - Limpia, Cebolla Blanca  XL - Sin Pelar, Cebolla Blanca  Mediana - Sin Pelar, Cebolla Blanca  XL - Sin pelar x Bulto, Cebolla Blanca  Mediana - Sin Pelar Medio Bulto, Cebolla Blanca  Mediana - Sin pelar x Bulto, Cebolla Blanca  Mediana - Limpia medio bulto, Cebolla Blanca  XL - Sin Pelar Medio Bulto","-303531, -303603, -303522, 213218, 71746, -303516, 213222, 213224, 80507, 213220"
Taquería,Verduras,Cebolla Blanca 2a  Sin Pelar - Bulto,-304011
Taquería,Verduras,"Cebolla Cambray  Con rabo - Manojo, Cebolla Cambray  Con rabo - Caja","12800, 113278"
Taquería,Verduras,Cebolla Cambray  Estándar - Kg,-303882
Taquería,Verduras,"Cebolla Morada  1a categoría - Kg, Cebolla Morada  Limpia - Kg, Cebolla Morada  Sin Pelar - Bulto, Cebolla Morada  Limpia - Bulto","-303534, -303537, 74941, 74943"
Taquería,Verduras,Elote Desgranado  Estándar - Kg,-303573
Comida saludable/Juguerías,Azúcar & Endulzantes,Azúcar Blanca Refinada  Saco x 50kg - Unidad,66559
Comida saludable/Juguerías,Azúcar & Endulzantes,Azúcar Mascabado Domino 100 unid  Sobres x 4g - Bolsa,29960
Comida saludable/Juguerías,Azúcar & Endulzantes,"Stevia Caja x 1,000 sobres de 1gr.  Caja x 1000 piezas - Unidad",98390
Comida saludable/Juguerías,Cubiertos,"Cuchara Biodegradable Paquete x 25 piezas  Sopera - Paquete, Cuchara Biodegradable Paquete x 25 piezas  Sopera - Paquete x 25 piezas",-304992
Comida saludable/Juguerías,Cubiertos,Cuchillo Biodegradable Paquete x 25 piezas  Paquete de 25 piezas - Paquete,-304209
Comida saludable/Juguerías,Cubiertos,"Cuchillo Compostable Ecoshell  Paquete x 100 piezas - Desde 1 paquete, Cuchillo Compostable Ecoshell  Paquete x 100 piezas - Desde 3 paquetes","288273, 288274"
Comida saludable/Juguerías,Cubiertos,Popote Biodegradable Estuchado Corrugado 22 cm Caja x 500 Piezas  Caja x 500 piezas - Desde 1 caja,283697
Comida saludable/Juguerías,Cubiertos,Popote Biodegradable Estuchado Corrugado 26 cm Caja x 500 piezas  Caja x 500 piezas - Desde 1 caja,283695
Comida saludable/Juguerías,Cubiertos,"Tenedor Biodegradable Paquete x 25 Piezas  Sopero - Paquete, Tenedor Biodegradable Paquete x 25 Piezas  Paquete de 25 piezas - Desde 40 paquetes, Tenedor Biodegradable Paquete x 25 Piezas  Sopero - Paquete x 25 piezas","-304245, 230176"
Comida saludable/Juguerías,Cubiertos,"Tenedor Compostable Ecoshell  Paquete x 100 piezas - Desde 1 paquete, Tenedor Compostable Ecoshell  Paquete x 100 piezas - Desde 3 paquetes","288276, 288277"
Comida saludable/Juguerías,Derivados Lácteos,"Yoghurt premium de durazno - Lyncott de 960g  Envase de 960 gr - Desde 1 envase, Yoghurt premium de durazno - Lyncott de 960g  Envase de 960 gr - Desde 3 envases","201092, 201093"
Comida saludable/Juguerías,Derivados Lácteos,"Yoghurt premium de fresa - Lyncott de 960g  Envase de 960 gr - Desde 1 envase, Yoghurt premium de fresa - Lyncott de 960g  Envase de 960 gr - Desde 3 envases","201098, 201099"
Comida saludable/Juguerías,Derivados Lácteos,"Yoghurt premium de piña-coco - Lyncott de 960g  Envase de 960 gr - Desde 1 envase, Yoghurt premium de piña-coco - Lyncott de 960g  Envase de 960 gr - Desde 3 envases","201110, 201111"
Comida saludable/Juguerías,Derivados Lácteos,"Yoghurt premium natural - Lyncott de 960g  Envase de 960 gr - Desde 1 envase, Yoghurt premium natural - Lyncott de 960g  Envase de 960 gr - Desde 3 envases","201104, 201105"
Comida saludable/Juguerías,Derivados Lácteos,Yogurth Fresa 900ml - Alpura  Refrigerado - Bote de 900ml - Desde 2 unidades,281644
Comida saludable/Juguerías,Derivados Lácteos,"Yogurth Natural 900ml - Alpura  Refrigerado - Bote de 900ml - Desde 2 unidades, Yogurth Natural 900ml - Alpura  Refrigerado - Bote de 900ml - Desde 4 unidades","281640, 281641"
Comida saludable/Juguerías,Enlatados,"Atun Dolores en Aceite 133gr.  Lata x 133g - Unidad, Atun Dolores en Aceite 133gr.  Lata x 133g - Desde 36 unidades","134385, 228488"
Comida saludable/Juguerías,Enlatados,"Atún Tuny Aceite 140 g  Lata x 140g - Unidad, Atún Tuny Aceite 140 g  Lata x 140g - Más de 6, Atún Tuny Aceite 140 g  Lata x 140g - Más de 3","126476, 79335, 126478, 126760"
Comida saludable/Juguerías,Enlatados,"Atún Tuny Agua 140 g  Lata x 140g - Más de 3, Atún Tuny Agua 140 g  Lata x 140g - Unidad, Atún Tuny Agua 140 g  Lata x 140g - Más de 6, Atún Tuny Agua 140 g  Lata x 140g - Más de 48","79329, 126453, 126455, 126752"
Comida saludable/Juguerías,Frutas,Aguacate Guacamole  Estándar - Único,-303675
Comida saludable/Juguerías,Frutas,"Aguacate Hass  Verde - Kg, Aguacate Hass  1a categoría - Kg, Aguacate Hass  Extra - Kg, Aguacate Hass  Verde - Caja, Aguacate Hass  Intermedio - Caja, Aguacate Hass  Intermedio - Kg","-303822, -304956, -303828, 69744, 69751"
Comida saludable/Juguerías,Frutas,"Arándano  Estándar - Domo, Arándano  Estándar - Caja","-305193, 113608"
Comida saludable/Juguerías,Frutas,"Fresa  Mediana - Domo, Fresa  Estándar - Caja x 3 Kg, Fresa  Mediana - Caja","-304116, 76989"
Comida saludable/Juguerías,Frutas,Kiwi  Estándar - Kg,-303579
Comida saludable/Juguerías,Frutas,"Mandarina  Jugo - Caja, Mandarina  Jugo - Kg, Mandarina  Estándar - Kg","82741, 88817, 295344, 88814"
Comida saludable/Juguerías,Frutas,"Naranja Jugo  Estándar - Kg, Naranja Jugo  Jugo - Bulto","-304944, 70349"
Comida saludable/Juguerías,Frutas,Naranja Navel  Estándar - Kg,80042
Comida saludable/Juguerías,Frutas,"Naranja Valencia Verde  Estándar - Kg, Naranja Valencia Verde  Estándar - Bulto","-304884, 70354"
Comida saludable/Juguerías,Frutas,"Piña Cayena UND  Estándar - Unidad, Piña Cayena UND  Estándar - Caja","-303744, 113009"
Comida saludable/Juguerías,Frutas,"Piña Miel UND  Grande - Unidad, Piña Miel UND  Pequeña - Unidad, Piña Miel UND  Pequeña - Caja, Piña Miel UND  Grande - Caja","-304953, -304950, 112950, 112948"
Comida saludable/Juguerías,Frutas,"Plátano Tabasco Maduro  Maduro - Kg, Plátano Tabasco Maduro  Maduro - Caja","162633, 162635"
Comida saludable/Juguerías,Frutas,"Toronja  Estándar - Kg, Toronja  Jugo - Kg, Toronja  Estándar - Caja, Toronja  Jugo - Caja","-303771, -304587, 70558, 70560"
Comida saludable/Juguerías,Granos,Almendra  Bolsa al Granel desde 250g - Desde 250g,-304419
Comida saludable/Juguerías,Granos,Almendra La Merced  Bolsa de 100 g - Desde 1 bolsa,286885
Comida saludable/Juguerías,Granos,"Arándano Deshidratado La Merced  Bolsa de 120 g - Desde 3 Bolsas, Arándano Deshidratado La Merced  Bolsa de 120 g - Desde 10 bolsas, Arándano Deshidratado La Merced  Bolsa de 120 g - Desde 5 bolsas","287396, 287398, 287397"
Comida saludable/Juguerías,Granos,"Arándano Seco  Bolsa al Granel desde 250g - Desde 250g, Arándano Seco  Estándar - Único",-303753
Comida saludable/Juguerías,Granos,"Avena  Bolsa al granel desde 500g - Desde 500g, Avena  Estándar - Kg",25987
Comida saludable/Juguerías,Granos,"Avena Granvita 700 gr  Bolsa de 700 gr - Desde 1 unidad, Avena Granvita 700 gr  Bolsa de 700 gr - Desde 3 unidades","290405, 290406"
Comida saludable/Juguerías,Granos,Chia Bolsa x 1kg.  Bolsa 1kg - Unidad,105423
Comida saludable/Juguerías,Granos,Ciruelas Pasas  Bolsa al Granel desde 250g - Desde 250g,-304380
Comida saludable/Juguerías,Granos,Coco Rallado  Bolsa al Granel desde 250g - Desde 250g,-304521
Comida saludable/Juguerías,Granos,"Flor de Jamaica Deshidratada La Merced  Bolsa de 100 g. - Desde 3 Bolsas, Flor de Jamaica Deshidratada La Merced  Bolsa de 100 g. - Desde 10 bolsas, Flor de Jamaica Deshidratada La Merced  Bolsa de 100 g. - Desde 5 bolsas","287429, 287431, 287430"
Comida saludable/Juguerías,Granos,"Uva Pasa La Merced  bolsa de 250 g - Desde 1 bolsa, Uva Pasa La Merced  bolsa de 250 g - Desde 4 Bolsas","288268, 288269"
Comida saludable/Juguerías,Papel & Toallas,Servilleta Petalo Interfoleada Jr. 250's x 24 piezas  Una Caja x 24 paquetes - Desde 1 caja,286896
Comida saludable/Juguerías,Papel & Toallas,"Servilleta Tradicional Kimlark x 500 Hojas  Una pieza - Desde 3 unidades, Servilleta Tradicional Kimlark x 500 Hojas  Una pieza - Desde 6 unidades","288966, 288967"
Comida saludable/Juguerías,Papel & Toallas,"Servitoalla Kihara 6 Rollos x 180 mts  Paquete de 6 Rollos - Desde 1 paquete, Servitoalla Kihara 6 Rollos x 180 mts  Paquete de 6 Rollos - Desde 3 paquetes","283690, 288938"
Comida saludable/Juguerías,Papel & Toallas,Toalla de Manos Marli  Caja x 10 paquetes/200 hojas - Caja,-303978
Comida saludable/Juguerías,Pollo,Pechuga Cocida de Pollo  Deshebrada  Refrigerado - Bolsa de 1 Kg - Desde 2 Bolsas,283601
Comida saludable/Juguerías,Pollo,"Pechuga Cocida y Deshebrada de Pollo - La Penca  Refrigerada - Bolsa de 1 Kg - Desde 2 Bolsas  (2 kg), Pechuga Cocida y Deshebrada de Pollo - La Penca  Bolsa de 1 Kg - Desde 4 Bolsas  (4 Kg), Pechuga Cocida y Deshebrada de Pollo - La Penca  Bolsa de 1 Kg - Desde 4 Bolsas  (4 kg)","179696, 179697"
Comida saludable/Juguerías,Pollo,"Pechuga Con Hueso y Piel - Bachoco   Refrigerada - Charola de 850 gr Aprox. - Desde 4 Charolas (3.4 Kg), Pechuga Con Hueso y Piel - Bachoco   Refrigerada - Charola de 850 gr Aprox. - Desde 8 Charolas (6.8 Kg)","167264, 167263"
Comida saludable/Juguerías,Pollo,Pechuga Entera con Hueso y Piel  Refrigerado - Bolsa de 2 Kg / 4 Piezas Chicas (550gr c/u Aprox.) - Desde 1 bolsa,278241
Comida saludable/Juguerías,Pollo,"Pechuga Entera con Hueso y Piel.  Congelado - Bolsa de 2 Kg - Desde 1 bolsa, Pechuga Entera con Hueso y Piel.  Congelado - Bolsa de 2 Kg - Desde 3 Bolsas, Pechuga Entera con Hueso y Piel.  Congelado - Bolsa de 2 Kg - Desde 2 Bolsas","290277, 290275, 290276"
Comida saludable/Juguerías,Pollo,"Pechuga Partida a la Mitad  con Hueso y Piel - Pilgrims  Refrigerado - Bolsa de 2 Kg - 1 Bolsa (2 Kg), Pechuga Partida a la Mitad  con Hueso y Piel - Pilgrims  Refrigerado - Bolsa de 2 Kg - Desde 2 Bolsas (4 kg), Pechuga Partida a la Mitad  con Hueso y Piel - Pilgrims  Refrigerado - Bolsa de 2 Kg - Desde 3 Bolsas (6 Kg)","213604, 213605, 213606"
Comida saludable/Juguerías,Quesos,Queso cottage - Lyncott de 960g  Envase de 960 gr - Desde 1 envase,201116
Comida saludable/Juguerías,Quesos,Queso De Cabra Natural Mi Queso  Pieza 200gr - Más de 10,"125848, 125849"
Comida saludable/Juguerías,Quesos,"Queso- Crema Lechef 1,36Kg  Barra 1,36Kg - Más de 2, Queso- Crema Lechef 1,36Kg  Barra 1,36Kg - Más de 3","55161, 114546"
Comida saludable/Juguerías,Salsas,Aderezo blue cheese - Hellmann's  Tarro de 3.7 L - Desde 1 tarro,201137
Comida saludable/Juguerías,Salsas,Aderezo Cesar con Hierbas - Hellmann's  Caja de 1.8 Kg - Desde 1 caja,178411
Comida saludable/Juguerías,Salsas,Aderezo ranch - Hellmann's de 3.7 L  Tarro de 3.7 L - Desde 1 tarro,201131
Comida saludable/Juguerías,Salsas,Vinagreta Balsámica - Hellmann's  Caja de 1.8 Kg - Desde 1 caja,178409
Comida saludable/Juguerías,"Vasos, Contenedores & Platos",Tapa Para Vaso 16 OZ Biodegradable  Paquete de 50 piezas - Paquete,"88349, 219709"
Comida saludable/Juguerías,"Vasos, Contenedores & Platos","Tapa plástica para vaso No. 32 Dart  Paquete de 100 piezas - Paquete, Tapa plástica para vaso No. 32 Dart  Paquete de 100 piezas - Desde 5 paquetes","219846, 53047"
Comida saludable/Juguerías,"Vasos, Contenedores & Platos",Vaso 16 Térmico Biodegradable  Paquete de 20 unidades - Paquete,160213
Comida saludable/Juguerías,"Vasos, Contenedores & Platos",Vaso No. 16 biodegradable Reyma  Paquete de 25 piezas - Paquete,"180142, 219954"
Comida saludable/Juguerías,"Vasos, Contenedores & Platos",Vaso No. 32 biodegradable Reyma  Paquete de 25 piezas - Paquete,"92325, 142572, 142574"
Comida saludable/Juguerías,"Vasos, Contenedores & Platos",Vaso Para Café Ecoshell 16 Oz Compostable  Paquete x 50 piezas - Desde 1 paquete,289054
Comida saludable/Juguerías,"Vasos, Contenedores & Platos","Vaso Térmico 32 Biodegradable  Paquete x 15 piezas - Unidad, Vaso Térmico 32 Biodegradable  Paquete x 15 piezas - Más de 10, Vaso Térmico 32 Biodegradable  Paquete x 15 piezas - Más de 20","135943, 135944, 135945"
Comida saludable/Juguerías,"Vasos, Contenedores & Platos","Vaso Térmico No. 10 Reyma  Paquete x 25 piezas - Desde 6 paquetes, Vaso Térmico No. 10 Reyma  Paquete x 25 piezas - Desde 1 paquete, Vaso Térmico No. 10 Reyma  Paquete x 25 piezas - Desde 3 paquetes","295397, 295395, 295396"
Comida saludable/Juguerías,"Vasos, Contenedores & Platos","Vaso térmico No. 16 Dart  Paquete de 20 piezas - Desde 25 paquetes, Vaso térmico No. 16 Dart  Paquete x 20 piezas - Unidad, Vaso Térmico No 16    20 Piezas  Paquete x 20 piezas - Unidad","219873, 62808"
Comida saludable/Juguerías,"Vasos, Contenedores & Platos","Vaso térmico No. 32 Dart  Paquete de 15 piezas - Paquete, Vaso térmico No. 32 Dart  Paquete de 15 piezas - Desde 20 paquetes","219840, 70218"
Comida saludable/Juguerías,"Vasos, Contenedores & Platos","Vaso Térmico No. 32 Reyma  Paquete x 15 piezas - Desde 1 paquete, Vaso Térmico No. 32 Reyma  Paquete x 15 piezas - Desde 6 paquetes, Vaso Térmico No. 32 Reyma  Paquete x 15 piezas - Desde 3 paquetes","296039, 296041, 296040"
Comida saludable/Juguerías,"Vasos, Contenedores & Platos","Vaso Térmico No. 8 Reyma  Paquete x 25 piezas - Desde 1 paquete, Vaso Térmico No. 8 Reyma  Paquete x 25 piezas - Desde 6 paquetes, Vaso Térmico No. 8 Reyma  Paquete x 25 piezas - Desde 3 paquetes","306189, 306191, 306190"
Comida saludable/Juguerías,Verduras,"Apio  Grande - Unidad, Apio  Grande - Caja","-304656, 113615"
Comida saludable/Juguerías,Verduras,"Espinaca  Estándar - Caja, Espinaca  Estándar - Manojo","12634, 113173"
Comida saludable/Juguerías,Verduras,Jitomate Cherry  Domo 454g - Unidad,-304308
Comida saludable/Juguerías,Verduras,Jitomate Cherry  Estándar - Kg,-303576
Comida saludable/Juguerías,Verduras,Kale  Manojo - Unidad,124516
Comida saludable/Juguerías,Verduras,"Lechuga Italiana  Estándar - Unidad, Lechuga Italiana  Estándar - Caja","-305082, 113040"
Comida saludable/Juguerías,Verduras,"Lechuga Romana  Estándar - Unidad, Lechuga Romana  Estándar - Caja","-304362, 113030"
Comida saludable/Juguerías,Verduras,"Pepino  1a categoría - Kg, Pepino  Extra - Kg, Pepino  1a categoría - Caja, Pepino  2a categoría - Kg, Pepino  2a categoría - Caja","-304566, 54992, 70359, -304611, 70362"
Panadería/Pastelería,Abarrotes,Cajeta Quemada el Cajetón 5 kg  Cubeta de 5 Kg - Desde 1 unidad,290403
Panadería/Pastelería,Aceites & Grasas,Aceite de Canola Golden Chef  Porron 10 L  Porrón 10 L - Desde 1 unidad,276997
Panadería/Pastelería,Aceites & Grasas,Aceite Vegetal Mixto Sol Bidón 20 L  Bidón x 20 litros - Desde 1 unidad,276989
Panadería/Pastelería,Azúcar & Endulzantes,Azúcar Blanca Refinada  Saco x 50kg - Unidad,66559
Panadería/Pastelería,Azúcar & Endulzantes,"Azúcar Domino Mascabado  Bolsa 1kg - Unidad, Azúcar Domino Mascabado  Paquete x 12 bolsas/1kg - Paquete","-304623, -304602"
Panadería/Pastelería,Azúcar & Endulzantes,"Azúcar Domino Refinada  Bolsa 1kg - Unidad, Azúcar Domino Refinada  Bolsa 1kg - Desde 12 unidades","228490, -304491"
Panadería/Pastelería,Azúcar & Endulzantes,Azucar Estandar Stick 4gr Caja /1000 Sobres  Caja x 1000 sobres/4g - Caja,101199
Panadería/Pastelería,Azúcar & Endulzantes,Azucar Glass Zulka 500gr  Bolsa x 500g - Unidad,101207
Panadería/Pastelería,Azúcar & Endulzantes,Azúcar Mascabado Domino 100 unid  Sobres x 4g - Bolsa,29960
Panadería/Pastelería,Azúcar & Endulzantes,Azucar Mascabado Stick 4gr Caja /1000 Sobres  Caja x 1000 sobres/4g - Caja,101215
Panadería/Pastelería,Azúcar & Endulzantes,Azucar Refinada Stick 4gr Caja/1000 Sobres  Caja x 1000 sobres/4g - Caja,101191
Panadería/Pastelería,"Café, Chocolate e Infusiones",Café Molido Tueste Medio (Americano MX2) Gila 1 kg  Bolsa de 1 Kg - Desde 1 unidad,290413
Panadería/Pastelería,"Café, Chocolate e Infusiones",Café Molido Tueste Medio (Descafeinado) Gila 1 kg  Bolsa de 1 Kg - Desde 1 unidad,290425
Panadería/Pastelería,"Café, Chocolate e Infusiones",Café Molido Tueste Oscuro (Americano MX3) Gila 1 kg  Bolsa de 1 Kg - Desde 1 unidad,290417
Panadería/Pastelería,"Café, Chocolate e Infusiones",Chocolate Abuelita Nestlé en Tablilla 540 gr  Caja x 6 piezas - Caja,69440
Panadería/Pastelería,Cubiertos,"Cuchara Biodegradable Paquete x 25 piezas  Sopera - Paquete, Cuchara Biodegradable Paquete x 25 piezas  Sopera - Paquete x 25 piezas",-304992
Panadería/Pastelería,Cubiertos,Cuchillo Biodegradable Paquete x 25 piezas  Paquete de 25 piezas - Paquete,-304209
Panadería/Pastelería,Cubiertos,"Cuchillo Compostable Ecoshell  Paquete x 100 piezas - Desde 1 paquete, Cuchillo Compostable Ecoshell  Paquete x 100 piezas - Desde 3 paquetes","288273, 288274"
Panadería/Pastelería,Cubiertos,Popote Biodegradable Estuchado Corrugado 22 cm Caja x 500 Piezas  Caja x 500 piezas - Desde 1 caja,283697
Panadería/Pastelería,Cubiertos,Popote Biodegradable Estuchado Corrugado 26 cm Caja x 500 piezas  Caja x 500 piezas - Desde 1 caja,283695
Panadería/Pastelería,Cubiertos,"Tenedor Biodegradable Paquete x 25 Piezas  Sopero - Paquete, Tenedor Biodegradable Paquete x 25 Piezas  Paquete de 25 piezas - Desde 40 paquetes, Tenedor Biodegradable Paquete x 25 Piezas  Sopero - Paquete x 25 piezas","-304245, 230176"
Panadería/Pastelería,Cubiertos,"Tenedor Compostable Ecoshell  Paquete x 100 piezas - Desde 1 paquete, Tenedor Compostable Ecoshell  Paquete x 100 piezas - Desde 3 paquetes","288276, 288277"
Panadería/Pastelería,Derivados Lácteos,Crema batida Lyncott 184g  Botella de 184g - Desde 1 botella,173795
Panadería/Pastelería,Derivados Lácteos,Crema para batir Lyncott 980ml  Tetrapak de 980ml - Desde 1 tetrapak,173793
Panadería/Pastelería,Derivados Lácteos,"Leche Condensada Lechera 387g  Lata x 387g - Unidad, Leche Condensada Lechera 387g  Lata x 387g - Más de 24 latas","69951, 200382"
Panadería/Pastelería,Derivados Lácteos,Media Crema Nestlé 1L  Tetrapack 1LT - Unidad,69955
Panadería/Pastelería,Derivados Lácteos,"Yoghurt premium de durazno - Lyncott de 960g  Envase de 960 gr - Desde 1 envase, Yoghurt premium de durazno - Lyncott de 960g  Envase de 960 gr - Desde 3 envases","201092, 201093"
Panadería/Pastelería,Derivados Lácteos,"Yoghurt premium de fresa - Lyncott de 960g  Envase de 960 gr - Desde 1 envase, Yoghurt premium de fresa - Lyncott de 960g  Envase de 960 gr - Desde 3 envases","201098, 201099"
Panadería/Pastelería,Derivados Lácteos,"Yoghurt premium de piña-coco - Lyncott de 960g  Envase de 960 gr - Desde 1 envase, Yoghurt premium de piña-coco - Lyncott de 960g  Envase de 960 gr - Desde 3 envases","201110, 201111"
Panadería/Pastelería,Derivados Lácteos,"Yoghurt premium natural - Lyncott de 960g  Envase de 960 gr - Desde 1 envase, Yoghurt premium natural - Lyncott de 960g  Envase de 960 gr - Desde 3 envases","201104, 201105"
Panadería/Pastelería,Derivados Lácteos,Yogurth Fresa 900ml - Alpura  Refrigerado - Bote de 900ml - Desde 2 unidades,281644
Panadería/Pastelería,Derivados Lácteos,"Yogurth Natural 900ml - Alpura  Refrigerado - Bote de 900ml - Desde 2 unidades, Yogurth Natural 900ml - Alpura  Refrigerado - Bote de 900ml - Desde 4 unidades","281640, 281641"
Panadería/Pastelería,Embutidos,"Jamón Cuadrado Rebanado de Pavo y Cerdo  - Dixie Farm   Paquete de 1 Kg - Desde 2 Paquetes (2 Kg), Jamón Cuadrado Rebanado de Pavo y Cerdo  - Dixie Farm   Paquete de 1 Kg - Desde 4 Paquetes (4 Kg)","167387, 167388"
Panadería/Pastelería,Embutidos,"Jamón de Pavo Rebanado - Bafar  Paquete de 400 gr - Desde 5 Paquetes (2 Kg), Jamón de Pavo Rebanado - Bafar  Paquete de 400 gr - Desde 10 Paquetes (4 Kg)","167983, 167383"
Panadería/Pastelería,Embutidos,Jamón de Pavo Virginia - Dixxie Farm  Pieza Entera de 4.7 Kg Aprox. - 1 Pieza (4.7 Kg),167385
Panadería/Pastelería,Enlatados,"Frijoles Refritos La Costeña de 580 g  Lata x 580g - Más de 12, Frijoles Refritos La Costeña de 580 g  Lata x 580g - Más de 3, Frijoles Refritos La Costeña de 580 g  Lata x 580g - Más de 6, Frijoles Refritos La Costeña de 580 g  Lata x 580g - Unidad","126714, -303549, 126716, 126712"
Panadería/Pastelería,Enlatados,"Piña en Almíbar  Rebanadas La Costeña 800 GR.  Lata x 800 GR - Desde 12 unidades, Piña en Almíbar  Rebanadas La Costeña 800 GR.  Lata x 800 GR - Unidad","56153, 230818"
Panadería/Pastelería,Frutas,Aguacate Guacamole  Estándar - Único,-303675
Panadería/Pastelería,Frutas,"Aguacate Hass  Verde - Kg, Aguacate Hass  1a categoría - Kg, Aguacate Hass  Extra - Kg, Aguacate Hass  Verde - Caja, Aguacate Hass  Intermedio - Caja, Aguacate Hass  Intermedio - Kg","-303822, -304956, -303828, 69744, 69751"
Panadería/Pastelería,Frutas,"Frambuesa  Estándar - Domo, Frambuesa  Estándar - Caja",-304995
Panadería/Pastelería,Frutas,"Fresa  Mediana - Domo, Fresa  Estándar - Caja x 3 Kg, Fresa  Mediana - Caja","-304116, 76989"
Panadería/Pastelería,Frutas,"Mandarina  Jugo - Caja, Mandarina  Jugo - Kg, Mandarina  Estándar - Kg","82741, 88817, 295344, 88814"
Panadería/Pastelería,Frutas,"Naranja Jugo  Estándar - Kg, Naranja Jugo  Jugo - Bulto","-304944, 70349"
Panadería/Pastelería,Frutas,Naranja Navel  Estándar - Kg,80042
Panadería/Pastelería,Frutas,"Naranja Valencia Verde  Estándar - Kg, Naranja Valencia Verde  Estándar - Bulto","-304884, 70354"
Panadería/Pastelería,Frutas,"Papaya UND  Pequeña - Unidad, Papaya UND  Grande - Unidad, Papaya UND  Grande - Caja, Papaya UND  Pequeña - Caja","-303756, -303825, 112958, 112960"
Panadería/Pastelería,Frutas,"Plátano Tabasco Maduro  Maduro - Kg, Plátano Tabasco Maduro  Maduro - Caja","162633, 162635"
Panadería/Pastelería,Frutas,"Toronja  Estándar - Kg, Toronja  Jugo - Kg, Toronja  Estándar - Caja, Toronja  Jugo - Caja","-303771, -304587, 70558, 70560"
Panadería/Pastelería,Frutas,Uvas Pasas  Estándar - Granel,-304620
Panadería/Pastelería,Harinas & Mezclas,"Gelatina de agua cristalina D Gari 120 gr  Bolsa de 120 gr - Desde 3 unidades, Gelatina de agua cristalina D Gari 120 gr  Bolsa de 120 gr - Desde 6 unidades","290367, 290368"
Panadería/Pastelería,Harinas & Mezclas,Gelatina de agua cristalina D Gari 720 gr  Bolsa de 720 gr - Desde 1 unidad,290015
Panadería/Pastelería,Harinas & Mezclas,"Gelatina de agua sabor fresa D Gari 120 gr  Bolsa de 120 gr - Desde 6 unidades, Gelatina de agua sabor fresa D Gari 120 gr  Bolsa de 120 gr - Desde 3 unidades","290364, 290363"
Panadería/Pastelería,Harinas & Mezclas,Gelatina de agua sabor fresa D Gari 720 gr  Bolsa de 720 gr - Desde 1 unidad,289991
Panadería/Pastelería,Harinas & Mezclas,"Gelatina de agua sabor limón D Gari 120 gr  Bolsa de 120 gr - Desde 6 unidades, Gelatina de agua sabor limón D Gari 120 gr  Bolsa de 120 gr - Desde 3 unidades","290360, 290359"
Panadería/Pastelería,Harinas & Mezclas,Gelatina de agua sabor limon D Gari 720 gr  Bolsa de 720 gr - Desde 1 unidad,289995
Panadería/Pastelería,Harinas & Mezclas,"Gelatina de agua sabor piña D Gari 120 gr  Bolsa de 120 gr - Desde 6 unidades, Gelatina de agua sabor piña D Gari 120 gr  Bolsa de 120 gr - Desde 3 unidades","290356, 290355"
Panadería/Pastelería,Harinas & Mezclas,Gelatina de agua sabor piña D Gari 720 gr  Bolsa de 720 gr - Desde 1 unidad,289999
Panadería/Pastelería,Harinas & Mezclas,Gelatina de agua sabor uva D Gari 120 gr  Bolsa de 120 gr - Desde 3 unidades,290351
Panadería/Pastelería,Harinas & Mezclas,Gelatina de agua sabor uva D Gari 720 gr  Bolsa de 720 gr - Desde 1 unidad,290003
Panadería/Pastelería,Harinas & Mezclas,"Gelatina de leche sabor leche condensada D Gari 120 gr  Bolsa de 120 gr - Desde 3 unidades, Gelatina de leche sabor leche condensada D Gari 120 gr  Bolsa de 120 gr - Desde 6 unidades","290375, 290376"
Panadería/Pastelería,Harinas & Mezclas,Gelatina de leche sabor leche condensada D Gari 720 gr  Bolsa de 720 gr - Desde 1 unidad,290019
Panadería/Pastelería,Harinas & Mezclas,Gelatina de leche sabor Rompope D Gari 720 gr  Bolsa de 720 gr - Desde 1 unidad,290007
Panadería/Pastelería,Harinas & Mezclas,"Gelatina de leche sabor vainilla D Gari 120 gr  Bolsa de 120 gr - Desde 6 unidades, Gelatina de leche sabor vainilla D Gari 120 gr  Bolsa de 120 gr - Desde 3 unidades","290372, 290371"
Panadería/Pastelería,Mantequillas & Margarinas,"Mantequilla Nonna Blend 1 Kg  Barra x 1Kg - Más de 10, Mantequilla Nonna Blend 1 Kg  Barra x 1Kg - Más de 2","84622, 55172"
Panadería/Pastelería,Mantequillas & Margarinas,"Mantequilla Sin Sal La Gloria 1 Kg  Barra x 1Kg - Unidad, Mantequilla Sin Sal La Gloria 1 Kg  Barra x 1Kg - Más de 4","122868, 68571"
Panadería/Pastelería,Mantequillas & Margarinas,"Margarina San Antonio Azul Bizcocho  Barra x 1Kg - Más de 10, Margarina San Antonio Azul Bizcocho  Barra x 1Kg - Más de 5","95449, 95447"
Panadería/Pastelería,Mantequillas & Margarinas,"Margarina San Antonio Rojo 1 Kg  Barra x 1Kg - Más de 10, Margarina San Antonio Rojo 1 Kg  Barra x 1Kg - Más de 5","95438, 95440"
Panadería/Pastelería,Mantequillas & Margarinas,"Margarina Untarella 1 Kg  Barra x 1Kg - UNIDAD, Margarina Untarella 1 Kg  Barra x 1Kg - Más de 10","98713, 122874"
Panadería/Pastelería,Mermeladas y Confituras,"Cajeta Quemada Real del Potosí 1.2 kg  Frasco de 1.2 KG - Desde 1 unidad, Cajeta Quemada Real del Potosí 1.2 kg  Frasco de 1.2 KG - Desde 3 unidades","290400, 290401"
Panadería/Pastelería,Mermeladas y Confituras,"Caramelo liquido D Gari 1 lt  Botella de 1 Lt - Desde 6 unidades, Caramelo liquido D Gari 1 lt  Botella de 1 Lt - Desde 3 unidades, Caramelo liquido D Gari 1 lt  Botella de 1 Lt - Desde 1 unidad","290348, 290347, 290346"
Panadería/Pastelería,Mermeladas y Confituras,Saborizante de vainilla liquida D Gari 1 lt  Botella de 1 Lt - Desde 1 unidad,290342
Panadería/Pastelería,Papel & Toallas,"Papel Higienico Kleenex Cottonelle  Paquete con 12 Piezas - Desde 1 unidad, Papel Higienico Kleenex Cottonelle  Paquete con 12 Piezas - Desde 3 unidades","288958, 288959"
Panadería/Pastelería,Papel & Toallas,"Papel Higienico Kovu 6 Rollos x 600 Hojas  Paquete de 6 Rollos - Desde 1 paquete, Papel Higienico Kovu 6 Rollos x 600 Hojas  Paquete de 6 Rollos - Desde 3 Paquetes","288939, 301981"
Panadería/Pastelería,Papel & Toallas,Servilleta Petalo Interfoleada Jr. 250's x 24 piezas  Una Caja x 24 paquetes - Desde 1 caja,286896
Panadería/Pastelería,Papel & Toallas,"Servilleta Tradicional Kimlark x 500 Hojas  Una pieza - Desde 3 unidades, Servilleta Tradicional Kimlark x 500 Hojas  Una pieza - Desde 6 unidades","288966, 288967"
Panadería/Pastelería,Papel & Toallas,"Servitoalla Kihara 6 Rollos x 180 mts  Paquete de 6 Rollos - Desde 1 paquete, Servitoalla Kihara 6 Rollos x 180 mts  Paquete de 6 Rollos - Desde 3 paquetes","283690, 288938"
Panadería/Pastelería,Papel & Toallas,Toalla de Manos Marli  Caja x 10 paquetes/200 hojas - Caja,-303978
Panadería/Pastelería,Quesos,Queso Canasto Mi Queso  3 Kg  Bolsa x 3 Kg - Unidad,91368
Panadería/Pastelería,Quesos,Queso cottage - Lyncott de 960g  Envase de 960 gr - Desde 1 envase,201116
Panadería/Pastelería,Quesos,"Queso- Crema Lechef 1,36Kg  Barra 1,36Kg - Más de 2, Queso- Crema Lechef 1,36Kg  Barra 1,36Kg - Más de 3","55161, 114546"
Panadería/Pastelería,"Vasos, Contenedores & Platos",Bolsa de Asa Biodebreadable 25x50 1 KG  Paquete de 1 Kg - Desde 3 unidades,288946
Panadería/Pastelería,"Vasos, Contenedores & Platos","Bolsa de Asa Biodebreadable 30x60 1 KG  Paquete de 1 Kg - Desde 3 unidades, Bolsa de Asa Biodebreadable 30x60 1 KG  Paquete de 1 Kg - Desde 1 unidad","288949, 288948"
Panadería/Pastelería,"Vasos, Contenedores & Platos","Charola 66 Térmica Biodegradable Reyma  Paquete x 50 piezas - Unidad, Charola 66 Térmica Biodegradable Reyma  Paquete x 50 piezas - Más de 10, Charola 66 Térmica Biodegradable Reyma  Paquete x 50 piezas - Más de 5","126058, 123843, 123844"
Panadería/Pastelería,"Vasos, Contenedores & Platos",Charola Biodegradable  Paquete de 50 piezas - Paquete,-305028
Panadería/Pastelería,"Vasos, Contenedores & Platos","Charola No. 66 Reyma Mariel  Paquete de 50 piezas - Paquete, Charola No. 66 Reyma Mariel  Paquete de 50 piezas - Desde 10 paquetes","37188, 219697"
Panadería/Pastelería,"Vasos, Contenedores & Platos","Charola No. 855 Reyma  Paquete de 50 piezas - Paquete, Charola No. 855 Reyma  Paquete de 50 piezas - Desde 10 paquetes, Charola No 855  Paquete x 50 piezas - Unidad","37211, 219702"
Panadería/Pastelería,"Vasos, Contenedores & Platos","Tapa de Vaso Térmico No. 8  Paquete de 100 piezas - Paquete, Tapa de Vaso Térmico No. 8 Dart  Paquete de 50 piezas - Desde 10 paquetes","37179, 219692"
Panadería/Pastelería,"Vasos, Contenedores & Platos",Tapa lisa para vaso No. 8  Paquete de 50 piezas - Paquete,62790
Panadería/Pastelería,"Vasos, Contenedores & Platos",Vaso Para Café Ecoshell 16 Oz Compostable  Paquete x 50 piezas - Desde 1 paquete,289054
Panadería/Pastelería,"Vasos, Contenedores & Platos","Vaso Térmico 10 Biodegradable  Paquete x 25 piezas - Más de 20, Vaso Térmico 10 Biodegradable  Paquete x 25 piezas - Unidad","135939, 135941, 135940"
Panadería/Pastelería,"Vasos, Contenedores & Platos",Vaso Térmico 8 Biodegradable  Paquete x 25 piezas - Unidad,"135691, 135689"
Panadería/Pastelería,"Vasos, Contenedores & Platos","Vaso Térmico Dart No. 8  Paquete de 25 piezas - Paquete, Vaso Térmico Dart No. 8  Paquete de 25 piezas - Desde 40 paquetes","36995, 219739"
Comida rápida,Aceites & Grasas,Aceite de Canola Golden Chef  Porron 10 L  Porrón 10 L - Desde 1 unidad,276997
Comida rápida,Aceites & Grasas,"Aceite Vegetal Mixto Negrita 850 ml   Botella x 850 ml. - Desde 3 unidades, Aceite Vegetal Mixto Negrita 850 ml   Botella x 850 ml. - Desde 12 unidades, Aceite Vegetal Mixto Negrita 850 ml   Botella x 850 ml. - Desde 6 unidades","277012, 277014, 277013"
Comida rápida,Aceites & Grasas,Aceite Vegetal Mixto Sol Bidón 20 L  Bidón x 20 litros - Desde 1 unidad,276989
Comida rápida,Alimentos Congelados,"Papas Camote Corte Recto 3/8 x 6/16 - Simplot Sweets  Bolsa de 1.13 Kg - Desde 8 Bolsas, Papas Camote Corte Recto 3/8 x 6/16 - Simplot Sweets  Bolsa de 1.13 Kg - Desde 4 Bolsas, Papas Camote Corte Recto 3/8 x 6/16 - Simplot Sweets  Bolsa de 1.13 Kg - Desde 2 Bolsas","180205, 180206"
Comida rápida,Alimentos Congelados,"Papas Francesa Corte Ondulado 3/8 - Simplot Payette  Bolsa de 2.27 Kg - 1 Bolsa, Papas Francesa Corte Ondulado 3/8 - Simplot Payette  Bolsa de 2.27 Kg - Desde 3 Bolsas, Papas Francesa Corte Ondulado 3/8 - Simplot Payette  Bolsa de 2.27 Kg - Desde 6 Bolsas","180199, 180197, 180198"
Comida rápida,Alimentos Congelados,"Papas Francesa Corte Recto 1/4 - Simplot Payette  Bolsa de 2.04 Kg - 1 Bolsa, Papas Francesa Corte Recto 1/4 - Simplot Payette  Bolsa de 2.04 Kg - Desde 3 Bolsas, Papas Francesa Corte Recto 1/4 - Simplot Payette  Bolsa de 2.04 Kg - Desde 6 Bolsas","180194, 180195, 180193"
Comida rápida,Alimentos Congelados,"Papas Francesa Corte Recto 3/8 - Simplot Conquest Delivery   Bolsa de 2.27 Kg - Desde 6 Bolsas, Papas Francesa Corte Recto 3/8 - Simplot Conquest Delivery   Bolsa de 2.27 Kg - Desde 3 Bolsas, Papas Francesa Corte Recto 3/8 - Simplot Conquest Delivery   Bolsa de 2.27 Kg - 1 Bolsa","180203, 180201, 180202"
Comida rápida,Alimentos Congelados,"Papas Francesa Delgada 1/4 McCain 2,27Kg  Congelado al Vacío - Unidad, Papas Francesa Delgada 1/4 McCain 2,27Kg  Congelado al Vacío - Más de 3","56517, 122848"
Comida rápida,Alimentos Congelados,"Papas Gajo Con Cáscara- Simplot  Bolsa de 2.27 Kg - 1 Bolsa, Papas Gajo Con Cáscara- Simplot  Bolsa de 2.27 Kg - Desde 6 Bolsas, Papas Gajo Con Cáscara- Simplot  Bolsa de 2.27 Kg - Desde 3 Bolsas","180191, 180189, 180190"
Comida rápida,Alimentos Congelados,"Papas Lisas 3/8 Food Service 2,27Kg  Congelado al Vacío - Unidad, Papas Lisas 3/8 Food Service 2,27Kg  Congelado al Vacío - Más de 3","56525, 122853"
Comida rápida,Cubiertos,"Cuchara Biodegradable Paquete x 25 piezas  Sopera - Paquete, Cuchara Biodegradable Paquete x 25 piezas  Sopera - Paquete x 25 piezas",-304992
Comida rápida,Cubiertos,Cuchillo Biodegradable Paquete x 25 piezas  Paquete de 25 piezas - Paquete,-304209
Comida rápida,Cubiertos,"Cuchillo Compostable Ecoshell  Paquete x 100 piezas - Desde 1 paquete, Cuchillo Compostable Ecoshell  Paquete x 100 piezas - Desde 3 paquetes","288273, 288274"
Comida rápida,Cubiertos,Popote Biodegradable Estuchado Corrugado 22 cm Caja x 500 Piezas  Caja x 500 piezas - Desde 1 caja,283697
Comida rápida,Cubiertos,Popote Biodegradable Estuchado Corrugado 26 cm Caja x 500 piezas  Caja x 500 piezas - Desde 1 caja,283695
Comida rápida,Cubiertos,"Tenedor Biodegradable Paquete x 25 Piezas  Sopero - Paquete, Tenedor Biodegradable Paquete x 25 Piezas  Paquete de 25 piezas - Desde 40 paquetes, Tenedor Biodegradable Paquete x 25 Piezas  Sopero - Paquete x 25 piezas","-304245, 230176"
Comida rápida,Cubiertos,"Tenedor Compostable Ecoshell  Paquete x 100 piezas - Desde 1 paquete, Tenedor Compostable Ecoshell  Paquete x 100 piezas - Desde 3 paquetes","288276, 288277"
Comida rápida,Embutidos,Chistorra  Refrigerado - Bolsa de 1 Kg - Desde 2 Bolsas,283595
Comida rápida,Embutidos,"Chistorra - La Penca.  Bolsa de 2 Kg (De 2 a 5 cm de Grosor Aprox.) - 1 Bolsa (2 Kg), Chistorra - La Penca.  Bolsa de 2 Kg (De 2 a 5 cm de Grosor Aprox.) - Desde 2 Bolsas (4 kg)","180301, 180302"
Comida rápida,Embutidos,"Jamón Cuadrado Rebanado de Pavo y Cerdo  - Dixie Farm   Paquete de 1 Kg - Desde 2 Paquetes (2 Kg), Jamón Cuadrado Rebanado de Pavo y Cerdo  - Dixie Farm   Paquete de 1 Kg - Desde 4 Paquetes (4 Kg)","167387, 167388"
Comida rápida,Embutidos,"Jamón de Pavo Rebanado - Bafar  Paquete de 400 gr - Desde 5 Paquetes (2 Kg), Jamón de Pavo Rebanado - Bafar  Paquete de 400 gr - Desde 10 Paquetes (4 Kg)","167983, 167383"
Comida rápida,Embutidos,Jamón de Pavo Virginia - Dixxie Farm  Pieza Entera de 4.7 Kg Aprox. - 1 Pieza (4.7 Kg),167385
Comida rápida,Embutidos,"Longaniza Casera  Refrigerado - Bolsa de 1 Kg - Desde 2 Bolsas, Longaniza Casera  Refrigerado - Bolsa de 1 Kg - Desde 4 Bolsas","281989, 281990"
Comida rápida,Embutidos,"Longaniza de Cerdo Comercial   Refrigerado - Bolsa de 1 Kg - Desde 2 Bolsas, Longaniza de Cerdo Comercial   Refrigerado - Bolsa de 1 Kg - Desde 4 Bolsas","278272, 278273"
Comida rápida,Embutidos,Tocino Rebanado de Cerdo  Refrigerado - Bolsa de 1 Kg - Desde 2 Bolsas,282042
Comida rápida,Empaque & Envoltura,"Caja de pizza chica  Caja de 28 cm x 28 cm x 3.7 cm - Desde 10 unidades, Caja de pizza chica  Caja de 28 cm x 28 cm x 3.7 cm - Desde 1 unidad","205340, 205339, 205341"
Comida rápida,Empaque & Envoltura,"Caja de pizza familiar.  Caja de 41.5 cm x 41 cm x 3.5 cm - Desde 1 unidad, Caja de pizza familiar.  Caja de 41.5 cm x 41 cm x 3.5 cm - Desde 10 unidades","205351, 205352"
Comida rápida,Empaque & Envoltura,"Caja de pizza grande  Caja de 35.7 cm x 35.4 cm x 3.5 cm - Desde 10 unidades, Caja de pizza grande  Caja de 35.7 cm x 35.4 cm x 3.5 cm - Desde 1 unidad","205347, 205348"
Comida rápida,Empaque & Envoltura,"Caja de pizza mediana  Caja de 33.3 cm x 32.6 cm x 3.7 cm - Desde 1 unidad, Caja de pizza mediana  Caja de 33.3 cm x 32.6 cm x 3.7 cm - Desde 10 unidades","205343, 205345, 205344"
Comida rápida,Papel & Toallas,Servilleta Petalo Interfoleada Jr. 250's x 24 piezas  Una Caja x 24 paquetes - Desde 1 caja,286896
Comida rápida,Papel & Toallas,"Servilleta Tradicional Kimlark x 500 Hojas  Una pieza - Desde 3 unidades, Servilleta Tradicional Kimlark x 500 Hojas  Una pieza - Desde 6 unidades","288966, 288967"
Comida rápida,Papel & Toallas,"Servitoalla Kihara 6 Rollos x 180 mts  Paquete de 6 Rollos - Desde 1 paquete, Servitoalla Kihara 6 Rollos x 180 mts  Paquete de 6 Rollos - Desde 3 paquetes","283690, 288938"
Comida rápida,Papel & Toallas,Toalla de Manos Marli  Caja x 10 paquetes/200 hojas - Caja,-303978
Comida rápida,Pollo,"Alas Adobadas - Pilgrim´s.  Refrigerada - Bolsa de 2.15 Kg Aprox. - 1 Bolsa (2.15 Kg), Alas Adobadas - Pilgrim´s.  Refrigerada - Bolsa de 2.15 Kg Aprox. - Desde 2 Bolsas (4.3 Kg)","179989, 179990"
Comida rápida,Pollo,"Alita Natural  Refrigerado - Bolsa de 1 Kg - Desde 2 Bolsas, Alita Natural  Refrigerado - Bolsa de 1 Kg - Desde 6 Bolsas, Alita Natural  Refrigerado - Bolsa de 1 Kg - Desde 4 Bolsas","290091, 290089, 290090"
Comida rápida,Pollo,"Boneless Pimienta y Limón - Bachoco  Bolsa de 2.4 Kg - 1 Bolsa (2.4 kg), Boneless Pimienta y Limón - Bachoco  Congelado - Bolsa de 2.4 Kg - Desde 3 Bolsas","167405, 167406"
Comida rápida,Pollo,"Fajitas de Filete Pechuga - Pilgrims  Congelado- Paquete de 1.750 Kg - Desde 2 Paquetes (3,5 Kg)",234263
Comida rápida,Pollo,"Hamburguesa de Pollo Empanizada - Bachocoo  Bolsa de 2.15 Kg (18 Unidades de 120 gr c/u Aprox.) - 1 Bolsa (2.15 Kg), Hamburguesa de Pollo Empanizada - Bachocoo  Congelada - Bolsa de 2.15 Kg (18 Unidades de 120 gr c/u Aprox.) - Desde 3 Bolsas (6.45 Kg)","173947, 173946"
Comida rápida,Pollo,"Nuggets de Pollo - Bachoco  Congelado - Bolsa de 2 Kg - 1 Bolsa (2 Kg), Nuggets de Pollo - Bachoco  Bolsa de 2 Kg - Desde 2 Bolsas (4 kg), Nuggets de Pollo - Bachoco  Congelado - Bolsa de 2 Kg - Desde 4 Bolsas (8 Kg)","167259, 167261, 167260"
Comida rápida,Quesos,Queso - Fresco Rallado El Ciervo 2 Kg  Bolsa x 2Kg - Unidad,66202
Comida rápida,Quesos,"Queso para hamburguesa tipo americano La Quinta  Cajilla x 1.82 Kg - Más de 2, Queso para hamburguesa tipo americano La Quinta  Caja de 1.82 Kg - Más de 6","107439, 221326"
Comida rápida,Quesos,"Queso Rallado Hacienda San Diego de 1 Kg  Bolsa 1kg - Desde 2 unidades, Queso Rallado Hacienda San Diego de 1 Kg  Bolsa 1kg - Desde 4 unidades","91374, 91376"
Comida rápida,Quesos,Queso-Mozzarella Food Service 5 Kg  Bolsa x 5 Kg - Unidad,63994
Comida rápida,Quesos,Queso-Rallado Tipo Chihuaha Clarita 2 Kg  Bolsa x 2Kg - Unidad,64000
Comida rápida,Res,"Carne Molida 80/20 de Res   Congelado - Bolsa de 1 Kg - Desde 2 Bolsas, Carne Molida 80/20 de Res   Congelado - Bolsa de 1 Kg - Desde 4 Bolsas","256693, 256694"
Comida rápida,Res,"Carne Molida 80/20 de Res - La Penca.  Bolsa de 2 Kg - 1 Bolsa (2 Kg), Carne Molida 80/20 de Res - La Penca.  Bolsa de 2 Kg - Desde 2 Bolsas (4 kg)","180289, 180290"
Comida rápida,Res,"Carne Molida 80/20 de Res - SuKarne  Paquete de 400 gr - Desde 5 Paquetes (2 Kg), Carne Molida 80/20 de Res - SuKarne  Refrigerada - Paquete de 400 gr - Desde 10 Paquetes (4 Kg), Carne Molida 80/20 de Res - SuKarne  Refrigerada - Paquete de 400 gr - Desde 20 Paquetes (8 Kg)","167146, 167147, 167148"
Comida rápida,Res,"Carne Molida 90/10  de Res - Dipcen  Paquete de 3 Kg - 1 Paquete (3 Kg), Carne Molida 90/10  de Res - Dipcen  Congelada - Paquete de 3 Kg - Desde 2 Paquetes (6 Kg)","167409, 167408"
Comida rápida,Res,"Carne Molida de Res 80/20 - Proboca  Congelada - Bolsa de 2.5 Kg - Desde 2 Bolsas (5 Kg), Carne Molida de Res 80/20 - Proboca  Congelada - Bolsa de 2.5 Kg - 1 Bolsa (2.5 Kg), Carne Molida de Res 80/20 - Proboca  Bolsa x 2,5 Kg - Desde 3 Bolsas (7.5 Kg), Carne Molida de Res 80/20 - Proboca  Bolsa x 2,5 Kg - 1 Bolsa (2.5 Kg)","162843, 162845, 162844"
Comida rápida,Res,Chorizo Taquero  Congelado - Bolsa de 1 Kg - Desde 2 Bolsas,"256713, 256714"
Comida rápida,Res,Hamburguesa de Arrachera  Congelado - Bolsa de 1 Kg (10 Unidades de 100gr) - Desde 2 Bolsas  (2 kg),"238946, 238947"
Comida rápida,Res,"Hamburguesa de Arrachera - SuKarne Paquete de 2.25 Kg (15 Unidades de 150 gr c/u) - 1 Paquete (2.25 Kg), Hamburguesa de Arrachera - SuKarne Paquete de 2.25 Kg (15 Unidades de 150 gr c/u) - Desde 2 Paquetes (4.5 Kg)","168100, 168101"
Comida rápida,Res,"Hamburguesa de Sirloin - Carnemart  Paquete de 1.5 Kg (10 Unidades de 150 gr c/u) - Desde 2 Paquetes (3 Kg), Hamburguesa de Sirloin - Carnemart  Paquete de 1.5 Kg (10 Unidades de 150 gr c/u) - Desde 3 Paquetes (4.5 Kg)","168106, 168107"
Comida rápida,Res,Molida Mixta de Res y Cerdo  Congelado - Bolsa de 1 Kg - Desde 2 Bolsas,290244
Comida rápida,Salsas,"Aderezo queso cheddar - Hellmann's  Caja de 1 L - Desde 1 caja, Aderezo queso cheddar - Hellmann's  Caja de 1 L - Desde 3 cajas","201123, 201122"
Comida rápida,Salsas,Catsup La Costeña 3.25Kg  Lata x 3.25Kg - Unidad,37087
Comida rápida,Salsas,"Mayonesa con Limón La Costeña  Frasco x 190g - Unidad, Mayonesa con Limón La Costeña  Frasco de190g - Desde 12 Frascos","-303495, 228500"
Comida rápida,Salsas,Mayonesa con Limón La Costeña 3.6Kg  Galón x 3.6Kg - Unidad,37434
Comida rápida,Salsas,Mayonesa La Costeña stick pack 100/ 10gr  Caja x 100 piezas - Caja,114051
Comida rápida,Salsas,Mayonesa McCormick 3.4kg  Frasco 3.4 kg - Unidad,92952
Comida rápida,Salsas,Mayonesa Real - Hellmann's  Tarro de 3.8 L - 1 Tarro de 3.8 L,178401
Comida rápida,Salsas,Mayonesa Real - Hellmann's de 1.7 L  Tarro de 1.7 L - Desde 1 tarro,178403
Comida rápida,Salsas,"Mostaza Clasica La Costeña 220gr,  Botella x 220ml - Unidad",114044
Comida rápida,Salsas,Puré de Tomate Condimentado La Costeña 1Kg  Caja x 1Kg - Unidad,37803
Comida rápida,Salsas,"Puré Tomate Condimentado La Costeña  Envase x 350g - Unidad, Puré Tomate Condimentado La Costeña  Envase x 350g - Desde 24 unidades","-305145, 230822"
Comida rápida,Salsas,Salsa Catsup La Costeña  Botella x 220ml - Unidad,-303591
Comida rápida,Salsas,Salsa Picante La Costeña stick pack 100/ 12gr  Caja x 100 piezas - Caja,114075
Comida rápida,Salsas,"Salsa Picante Valentina Roja 1L  Botella x 1L - Unidad, Salsa Picante Valentina Roja 1L  Caja x 12/1L - Caja","56316, 56318"
Comida rápida,"Vasos, Contenedores & Platos",Bolsa de Asa Biodebreadable 25x50 1 KG  Paquete de 1 Kg - Desde 3 unidades,288946
Comida rápida,"Vasos, Contenedores & Platos","Bolsa de Asa Biodebreadable 30x60 1 KG  Paquete de 1 Kg - Desde 3 unidades, Bolsa de Asa Biodebreadable 30x60 1 KG  Paquete de 1 Kg - Desde 1 unidad","288949, 288948"
Comida rápida,"Vasos, Contenedores & Platos","Contenedor 9x9  Biodegradable Sin División - Reyma  Paquete de 50 piezas - Desde 1 paquete, Contenedor 9x9  Biodegradable Sin División - Reyma  Paquete de 50 piezas - Desde 8 Paquetes, Contenedor 9x9  Biodegradable Sin División - Reyma  Paquete de 50 piezas - Desde 4 Paquetes","234855, 234857, 234856"
Comida rápida,"Vasos, Contenedores & Platos","Contenedor Biodegradable  8x8 Con División - Paquete x 50 piezas, Contenedor Biodegradable  8x8 Sin División - Paquete x 50 piezas, Contenedor Biodegradable  8x8 Sin División - Colchón 4 Paq x 50 Piezas, Contenedor Biodegradable  8x8 Con División - Colchón 4 Paq x 50 Piezas","-305136, -305133, -305142, -305139"
Comida rápida,"Vasos, Contenedores & Platos","Hamburguesera 6x6 Reyma  Paquete de 50 piezas - Paquete, Hamburguesera 6x6 Reyma  Paquete de 50 piezas - Desde 10 paquetes, Hamburguesera OFF  Paquete x 50 piezas - Unidad","37222, 219746"
Comida rápida,"Vasos, Contenedores & Platos",Hamburguesera biodegradable 6x6 - Reyma  Paquete de 50 piezas - 1 Paquete,180145
Comida rápida,"Vasos, Contenedores & Platos","Vaso Térmico No. 10 Reyma  Paquete x 25 piezas - Desde 6 paquetes, Vaso Térmico No. 10 Reyma  Paquete x 25 piezas - Desde 1 paquete, Vaso Térmico No. 10 Reyma  Paquete x 25 piezas - Desde 3 paquetes","295397, 295395, 295396"
Comida rápida,"Vasos, Contenedores & Platos","Vaso Térmico No. 32 Reyma  Paquete x 15 piezas - Desde 1 paquete, Vaso Térmico No. 32 Reyma  Paquete x 15 piezas - Desde 6 paquetes, Vaso Térmico No. 32 Reyma  Paquete x 15 piezas - Desde 3 paquetes","296039, 296041, 296040"
Comida rápida,"Vasos, Contenedores & Platos","Vaso Térmico No. 8 Reyma  Paquete x 25 piezas - Desde 1 paquete, Vaso Térmico No. 8 Reyma  Paquete x 25 piezas - Desde 6 paquetes, Vaso Térmico No. 8 Reyma  Paquete x 25 piezas - Desde 3 paquetes","306189, 306191, 306190"
Comida rápida,Verduras,"Cebolla Blanca  XL - Limpia, Cebolla Blanca  XL - Limpia medio bulto, Cebolla Blanca  Mediana - Limpia, Cebolla Blanca  XL - Sin Pelar, Cebolla Blanca  Mediana - Sin Pelar, Cebolla Blanca  XL - Sin pelar x Bulto, Cebolla Blanca  Mediana - Sin Pelar Medio Bulto, Cebolla Blanca  Mediana - Sin pelar x Bulto, Cebolla Blanca  Mediana - Limpia medio bulto, Cebolla Blanca  XL - Sin Pelar Medio Bulto","-303531, -303603, -303522, 213218, 71746, -303516, 213222, 213224, 80507, 213220"
Comida rápida,Verduras,Cebolla Blanca 2a  Sin Pelar - Bulto,-304011
Comida rápida,Verduras,"Cebolla Cambray  Con rabo - Manojo, Cebolla Cambray  Con rabo - Caja","12800, 113278"
Comida rápida,Verduras,Cebolla Cambray  Estándar - Kg,-303882
Comida rápida,Verduras,"Cebolla Morada  1a categoría - Kg, Cebolla Morada  Limpia - Kg, Cebolla Morada  Sin Pelar - Bulto, Cebolla Morada  Limpia - Bulto","-303534, -303537, 74941, 74943"
Comida rápida,Verduras,"Jitomate Bola  1a categoría - Kg, Jitomate Bola  1a categoría - Caja","-304377, 70286"
Comida rápida,Verduras,Jitomate Guaje Naranja  1a categoría - Naranja,163102
Comida rápida,Verduras,"Jitomate Guaje Rojo  2a categoría - Caja, Jitomate Guaje Rojo  1a categoría - Rojo, Jitomate Guaje Rojo  2a categoría - Rojo, Jitomate Guaje Rojo  Extra - Rojo, Jitomate Guaje Rojo  1a categoría - Caja, Jitomate Guaje  Extra - Caja, Jitomate Guaje  1a categoría - Rojo, Jitomate Guaje  Extra - Rojo, Jitomate Guaje  2a categoría - Rojo","-304371, 73977, -304368, 70293, -304374, 70291"
Comida rápida,Verduras,"Lechuga Escarola  Estándar - Unidad, Lechuga Escarola  Estándar - Caja","-305157, 113025"
Comida rápida,Verduras,"Lechuga Francesa  Estándar - Unidad, Lechuga Francesa  Estándar - Caja","-304836, 113035"
Comida rápida,Verduras,"Lechuga Italiana  Estándar - Unidad, Lechuga Italiana  Estándar - Caja","-305082, 113040"
Comida rápida,Verduras,"Lechuga Orejona  Estándar - Unidad, Lechuga Orejona  Estándar - Caja","-304302, 113045"
Comida rápida,Verduras,"Lechuga Romana  Estándar - Unidad, Lechuga Romana  Estándar - Caja","-304362, 113030"
Comida rápida,Verduras,"Lechuga Sangría  Estándar - Unidad, Lechuga Sangría  Estándar - Caja","-304191, 113050"
Comida especializada,Alimentos Congelados,"Guarnición de Verduras La Huerta 2 KG  Bolsa de 2 Kg - 1 Bolsa (2 Kg), Guarnición de Verduras La Huerta 2 KG  Bolsa de 2 Kg - Desde 5 Bolsas (10 Kg)","186001, 186003"
Comida especializada,Alimentos Congelados,"Guarnicion de verduras la huerta 500g  Congelado - Bolsa de 500 g - Desde 4 Bolsas, Guarnicion de verduras la huerta 500g  Congelado - Bolsa de 500 g - Desde 8 Bolsas","288994, 288995"
Comida especializada,Alimentos Congelados,"Papas Francesa Corte Ondulado 3/8 - Simplot Payette  Bolsa de 2.27 Kg - 1 Bolsa, Papas Francesa Corte Ondulado 3/8 - Simplot Payette  Bolsa de 2.27 Kg - Desde 3 Bolsas, Papas Francesa Corte Ondulado 3/8 - Simplot Payette  Bolsa de 2.27 Kg - Desde 6 Bolsas","180199, 180197, 180198"
Comida especializada,Alimentos Congelados,"Papas Francesa Corte Recto 1/4 - Simplot Payette  Bolsa de 2.04 Kg - 1 Bolsa, Papas Francesa Corte Recto 1/4 - Simplot Payette  Bolsa de 2.04 Kg - Desde 3 Bolsas, Papas Francesa Corte Recto 1/4 - Simplot Payette  Bolsa de 2.04 Kg - Desde 6 Bolsas","180194, 180195, 180193"
Comida especializada,Alimentos Congelados,"Papas Francesa Corte Recto 3/8 - Simplot Conquest Delivery   Bolsa de 2.27 Kg - Desde 6 Bolsas, Papas Francesa Corte Recto 3/8 - Simplot Conquest Delivery   Bolsa de 2.27 Kg - Desde 3 Bolsas, Papas Francesa Corte Recto 3/8 - Simplot Conquest Delivery   Bolsa de 2.27 Kg - 1 Bolsa","180203, 180201, 180202"
Comida especializada,Alimentos Congelados,"Papas Francesa Delgada 1/4 McCain 2,27Kg  Congelado al Vacío - Unidad, Papas Francesa Delgada 1/4 McCain 2,27Kg  Congelado al Vacío - Más de 3","56517, 122848"
Comida especializada,Alimentos Congelados,"Papas Gajo Con Cáscara- Simplot  Bolsa de 2.27 Kg - 1 Bolsa, Papas Gajo Con Cáscara- Simplot  Bolsa de 2.27 Kg - Desde 6 Bolsas, Papas Gajo Con Cáscara- Simplot  Bolsa de 2.27 Kg - Desde 3 Bolsas","180191, 180189, 180190"
Comida especializada,Alimentos Congelados,"Papas Lisas 3/8 Food Service 2,27Kg  Congelado al Vacío - Unidad, Papas Lisas 3/8 Food Service 2,27Kg  Congelado al Vacío - Más de 3","56525, 122853"
Comida especializada,Arroz,"Arroz SOS Super Extra Sushi  Bolsa 1kg   Bolsa de 1 Kg - Desde 1 unidad, Arroz SOS Super Extra Sushi  Bolsa 1kg   Bolsa de 1 Kg - Desde 3 unidades, Arroz SOS Super Extra Sushi  Bolsa 1kg   Bolsa de 1 Kg - Desde 5 unidades","275947, 295491, 295493"
Comida especializada,Cerdo,"Chuleta Ahumada Rebanada de Cerdo   Congelado - Bolsa de 1 Kg - Desde 3 Bolsas, Chuleta Ahumada Rebanada de Cerdo   Congelado - Bolsa de 1 Kg - Desde 6 Bolsas","290142, 290141"
Comida especializada,Cerdo,Costillas Back Rib   Congelado - Bolsa de 1 Kg - Desde 2 Bolsas,290162
Comida especializada,Cubiertos,"Cuchara Biodegradable Paquete x 25 piezas  Sopera - Paquete, Cuchara Biodegradable Paquete x 25 piezas  Sopera - Paquete x 25 piezas",-304992
Comida especializada,Cubiertos,Cuchillo Biodegradable Paquete x 25 piezas  Paquete de 25 piezas - Paquete,-304209
Comida especializada,Cubiertos,"Cuchillo Compostable Ecoshell  Paquete x 100 piezas - Desde 1 paquete, Cuchillo Compostable Ecoshell  Paquete x 100 piezas - Desde 3 paquetes","288273, 288274"
Comida especializada,Cubiertos,Popote Biodegradable Estuchado Corrugado 22 cm Caja x 500 Piezas  Caja x 500 piezas - Desde 1 caja,283697
Comida especializada,Cubiertos,Popote Biodegradable Estuchado Corrugado 26 cm Caja x 500 piezas  Caja x 500 piezas - Desde 1 caja,283695
Comida especializada,Cubiertos,"Tenedor Biodegradable Paquete x 25 Piezas  Sopero - Paquete, Tenedor Biodegradable Paquete x 25 Piezas  Paquete de 25 piezas - Desde 40 paquetes, Tenedor Biodegradable Paquete x 25 Piezas  Sopero - Paquete x 25 piezas","-304245, 230176"
Comida especializada,Cubiertos,"Tenedor Compostable Ecoshell  Paquete x 100 piezas - Desde 1 paquete, Tenedor Compostable Ecoshell  Paquete x 100 piezas - Desde 3 paquetes","288276, 288277"
Comida especializada,Embutidos,"Chorizo Argentino - La Penca.  Refrigerado - Bolsa de 2 Kg (De 12 Unidades, Con Grosor de 12 cm Aprox.) - 1 Bolsa (2 Kg), Chorizo Argentino - La Penca.  Bolsa de 2 Kg (De 10 a 15 Unidades, Con Grosor de 10 a 15 cm,  de 150 a 170 gr c/u Aprox.) - Desde 2 Bolsas (4 kg)","180304, 180305"
Comida especializada,Embutidos,"Longaniza Casera  Refrigerado - Bolsa de 1 Kg - Desde 2 Bolsas, Longaniza Casera  Refrigerado - Bolsa de 1 Kg - Desde 4 Bolsas","281989, 281990"
Comida especializada,Embutidos,"Longaniza de Cerdo Comercial   Refrigerado - Bolsa de 1 Kg - Desde 2 Bolsas, Longaniza de Cerdo Comercial   Refrigerado - Bolsa de 1 Kg - Desde 4 Bolsas","278272, 278273"
Comida especializada,Embutidos,Tocino Rebanado de Cerdo  Refrigerado - Bolsa de 1 Kg - Desde 2 Bolsas,282042
Comida especializada,Papel & Toallas,"Papel Higienico Kovu 6 Rollos x 600 Hojas  Paquete de 6 Rollos - Desde 1 paquete, Papel Higienico Kovu 6 Rollos x 600 Hojas  Paquete de 6 Rollos - Desde 3 Paquetes","288939, 301981"
Comida especializada,Papel & Toallas,Servilleta Petalo Interfoleada Jr. 250's x 24 piezas  Una Caja x 24 paquetes - Desde 1 caja,286896
Comida especializada,Papel & Toallas,"Servilleta Tradicional Kimlark x 500 Hojas  Una pieza - Desde 3 unidades, Servilleta Tradicional Kimlark x 500 Hojas  Una pieza - Desde 6 unidades","288966, 288967"
Comida especializada,Papel & Toallas,"Servitoalla Kihara 6 Rollos x 180 mts  Paquete de 6 Rollos - Desde 1 paquete, Servitoalla Kihara 6 Rollos x 180 mts  Paquete de 6 Rollos - Desde 3 paquetes","283690, 288938"
Comida especializada,Papel & Toallas,Toalla de Manos Marli  Caja x 10 paquetes/200 hojas - Caja,-303978
Comida especializada,Pasta,"Pasta La Moderna Codo de 200 g  Sobre x 200g - Más de 20, Pasta La Moderna Codo de 200 g  Sobre x 200g - Unidad, Pasta La Moderna Codo de 200 g  Sobre x 200g - Más de 10, Pasta La Moderna Codo de 200 g  Sobre x 200g - Más de 5","136078, -305250, 136442, 136440"
Comida especializada,Pasta,"Pasta La Moderna Espagueti de 200 g  Sobre x 200g - Más de 10, Pasta La Moderna Espagueti de 200 g  Sobre x 200g - Unidad, Pasta La Moderna Espagueti de 200 g  Sobre x 200g - Más de 20, Pasta La Moderna Espagueti de 200 g  Sobre x 200g - Más de 5, Pasta La Moderna Espagueti  Sobre x 200g - Más de 20","136392, -303942, 136394, 136396"
Comida especializada,Pasta,"Pasta La Moderna Fideo de 200 g  Sobre x 200g - Unidad, Pasta La Moderna Fideo de 200 g  Sobre x 200g - Más de 20, Pasta La Moderna Fideo de 200 g  Sobre x 200g - Más de 5, Pasta La Moderna Fideo de 200 g  Sobre x 200g - Más de 10","-305238, 136067, 136069, 136071"
Comida especializada,Pescados & Mariscos Congelado,"Camarón Cocido Pacotilla Mediano - Capitán  Bolsa de 1 Kg Talla 51-60 - Desde 4 Bolsas  (4 Kg), Camarón Cocido Pacotilla Mediano - Capitán  Congelado - Bolsa de 1 Kg (Talla 51-60) - Desde 2 Bolsas  (2 kg)","167177, 167178"
Comida especializada,Pescados & Mariscos Congelado,"Camarón Cocido Pacotilla Pequeño - Capitán  Congelado - Bolsa de 1 Kg (Talla 100 - 200) - Desde 2 Bolsas  (2 kg), Camarón Cocido Pacotilla Pequeño - Capitán  Bolsa de 1 Kg Talla 100-200 - Desde 4 Bolsas  (4 Kg)","167180, 167181"
Comida especializada,Pescados & Mariscos Congelado,"Camarón Cocido Talla 41-50 - Capitán  Congelado - Bolsa de 1 Kg - Desde 2 Bolsas, Camarón Cocido Talla 41-50 - Capitán  Congelado - Bolsa de 1 Kg - Desde 4 Bolsas","244539, 244540"
Comida especializada,Pescados & Mariscos Congelado,"Camarón Grande Talla 21-25 Sin Cabeza- La Sanitaria.  Congelado - Bolsa de 2 Kg (De 100 Unidades Aprox. Sin Cabeza, Sin Pelar Ni Desvenar) - 1 Bolsa (2 Kg), Camarón Grande Talla 21-25 Sin Cabeza- La Sanitaria.  Bolsa de 2 Kg  (De 92 a 110 Unidades Aprox. Sin Cabeza, Sin Pelar Ni Desvenar) - Desde 2 Bolsas (4 kg)",180313
Comida especializada,Pescados & Mariscos Congelado,"Camarón Grande Talla 26-30 - La Sanitaria.  Congelado - Bolsa de 2 Kg (De 120 Unidades Peladas, Desvenadas y Sin Cabeza) - 1 Bolsa (2 Kg), Camarón Grande Talla 26-30 - La Sanitaria.  Bolsa de 2 Kg (De 115  a135 Unidades Peladas, Desvenadas y Sin Cabeza) - Desde 2 Bolsas (4 kg)","180316, 180317"
Comida especializada,Pescados & Mariscos Congelado,"Cubos de Atún Aleta Amarilla - Capitán  Congelado - Bolsa de 200g (Empacado al Vacío Sin Agua) - Desde 10 Bolsas  (2 Kg), Cubos de Atún Aleta Amarilla - Capitán  Bolsa de 200g (Empacado al Vacío Sin Agua) - Desde 15 Bolsas  (3 Kg)","167184, 167183"
Comida especializada,Pescados & Mariscos Congelado,"Filete  de Tilapia Económica Talla 3-5 - Capitán  Congelado - Caja de 4.54 Kg Talla 3-5 Oz - 1 caja (4.54 Kg), Filete  de Tilapia Económica Talla 3-5 - Capitán  Congelado - Caja de 4.54 Kg Talla 3-5 Oz - Desde 2 Cajas (9,08 Kg)","234267, 234268"
Comida especializada,Pescados & Mariscos Congelado,"Mariscada - Capitán  Bolsa de 500 gr (Mezcla de Camarón Cocido, Carne de Mejillones, Calamar, Tentáculos de Pulpo y Trozos de Surimi) - Desde 6 Bolsas  (3 kg), Mariscada - Capitán  Bolsa de 500 gr (Mezcla de Camarón Cocido, Carne de Mejillones, Calamar, Tentáculos de Pulpo y Trozos de Surimi) - Desde 4 Bolsas  (2 kg)","167399, 167400"
Comida especializada,Pescados & Mariscos Congelado,"Surimi Americano en Barra - Capitán  Bolsa de 500 gr (De 8 a 10 Barras) - Desde 6 Bolsas (3 Kg), Surimi Americano en Barra - Capitán  Bolsa de 500 gr (De 8 a 10 Barras) - Desde 4 Bolsas (2 Kg)","167918, 168536"
Comida especializada,Pollo,"Pechuga Con Hueso y Piel - Bachoco   Refrigerada - Charola de 850 gr Aprox. - Desde 4 Charolas (3.4 Kg), Pechuga Con Hueso y Piel - Bachoco   Refrigerada - Charola de 850 gr Aprox. - Desde 8 Charolas (6.8 Kg)","167264, 167263"
Comida especializada,Pollo,"Pechuga de Pollo Corte Mariposa   Congelado - Bolsa de 2 Kg - Desde 2 Bolsas, Pechuga de Pollo Corte Mariposa   Congelado - Bolsa de 2 Kg - Desde 4 Bolsas","285341, 285342, 308265"
Comida especializada,Pollo,"Pechuga Entera con Hueso y Piel.  Congelado - Bolsa de 2 Kg - Desde 1 bolsa, Pechuga Entera con Hueso y Piel.  Congelado - Bolsa de 2 Kg - Desde 3 Bolsas, Pechuga Entera con Hueso y Piel.  Congelado - Bolsa de 2 Kg - Desde 2 Bolsas","290277, 290275, 290276"
Comida especializada,Pollo,"Pechuga Partida a la Mitad  con Hueso y Piel - Pilgrims  Refrigerado - Bolsa de 2 Kg - 1 Bolsa (2 Kg), Pechuga Partida a la Mitad  con Hueso y Piel - Pilgrims  Refrigerado - Bolsa de 2 Kg - Desde 2 Bolsas (4 kg), Pechuga Partida a la Mitad  con Hueso y Piel - Pilgrims  Refrigerado - Bolsa de 2 Kg - Desde 3 Bolsas (6 Kg)","213604, 213605, 213606"
Comida especializada,Pollo,"Pollo Entero Rango 10 - Bachoco  Pieza de 1.8 a 2.2 Kg Aprox. - 1 Pieza (2 Kg), Pollo Entero Rango 10 - Bachoco  Refrigerado - Pieza de 2 Kg Aprox. - Desde 2 Piezas (4 Kg)","167267, 167266"
Comida especializada,Res,"Bistec de Aguayón - Top Sirloin   Congelado - Bolsa de 1 Kg - Desde 2 Bolsas, Bistec de Aguayón - Top Sirloin   Congelado - Bolsa de 1 Kg - Desde 6 Bolsas, Bistec de Aguayón - Top Sirloin   Congelado - Bolsa de 1 Kg - Desde 4 Bolsas","290098, 290096, 290097"
Comida especializada,Res,"Bistec Para Asar de Res - SuKarne  Bolsa de 3.15 Kg (De 22 a 25 Unidades 4 mm de Grosor, De 125 a 145gr c/u Aprox.) - 1 Bolsa (3.15 Kg), Bistec Para Asar de Res - SuKarne  Refrigerado - Bolsa de 3.15 Kg (De 23 Unidades con 4 mm de grosor Aprox.) - Desde 3 Bolsas (9.45 Kg), Bistec Para Asar de Res - SuKarne  Bolsa de 3.15 Kg (De 22 a 25 Unidades 4 mm de Grosor, De 125 a 145gr c/u Aprox.) - Desde 2 Bolsas (6.3 Kg)","167142, 167144, 167143"
Comida especializada,Res,"Bistec Para Asar de Res Rebanada 4 mm  Congelado - Bolsa de 1 Kg - Desde 2 Bolsas, Bistec Para Asar de Res Rebanada 4 mm  Congelado - Bolsa de 1 Kg. - Desde 2 Bolsas, Bistec Para Asar de Res Rebanada 4 mm  Congelado - Bolsa de 1 Kg. - Desde 4 Bolsas","278268, 278267, 256701, 256702, 256703, 322342"
Comida especializada,Res,"Bistec Taquero de Res  Congelado - Bolsa de 1 Kg - Desde 3 Bolsas, Bistec Taquero de Res  Congelado - Bolsa de 1 Kg - Desde 7 Bolsas, Bistec Taquero de Res  Congelado - Bolsa de 1 Kg - Desde 5 bolsas","290106, 290104, 290105"
Comida especializada,Res,Milanesa de Pulpa Bola  Congelado - Bolsa de 1 Kg - Desde 2 Bolsas,290086
Comida especializada,Salsas,Jugo Sazonador Maggi 800 ml  Botella x 800mL - Unidad,105657
Comida especializada,Salsas,Puré de Tomate Condimentado La Costeña 1Kg  Caja x 1Kg - Unidad,37803
Comida especializada,Salsas,"Puré Tomate Condimentado La Costeña  Envase x 350g - Unidad, Puré Tomate Condimentado La Costeña  Envase x 350g - Desde 24 unidades","-305145, 230822"
Comida especializada,Salsas,Salsa Inglesa Crosse & Blackwell  980ML  Botella x 980ml - Unidad,82195
Comida especializada,Salsas,Salsa Picante La Costeña stick pack 100/ 12gr  Caja x 100 piezas - Caja,114075
Comida especializada,Salsas,"Salsa Picante Valentina Roja 1L  Botella x 1L - Unidad, Salsa Picante Valentina Roja 1L  Caja x 12/1L - Caja","56316, 56318"
Comida especializada,Salsas,"Vinagre Blanco C Jacques 3.750L  Galón x 3.7L - Unidad, Vinagre Blanco La Costeña  3.750L  Galón x 3.7L - Unidad",59725
Comida especializada,Salsas,Vinagre de Manzana C Jacques 3.750L  Galón x 3.7L - Unidad,92313
Comida especializada,Salsas,Vinagreta Balsámica - Hellmann's  Caja de 1.8 Kg - Desde 1 caja,178409
Comida especializada,"Vasos, Contenedores & Platos",Bolsa de Asa Biodebreadable 25x50 1 KG  Paquete de 1 Kg - Desde 3 unidades,288946
Comida especializada,"Vasos, Contenedores & Platos","Bolsa de Asa Biodebreadable 30x60 1 KG  Paquete de 1 Kg - Desde 3 unidades, Bolsa de Asa Biodebreadable 30x60 1 KG  Paquete de 1 Kg - Desde 1 unidad","288949, 288948"
Comida especializada,"Vasos, Contenedores & Platos","Contenedor 9x9  Biodegradable Sin División - Reyma  Paquete de 50 piezas - Desde 1 paquete, Contenedor 9x9  Biodegradable Sin División - Reyma  Paquete de 50 piezas - Desde 8 Paquetes, Contenedor 9x9  Biodegradable Sin División - Reyma  Paquete de 50 piezas - Desde 4 Paquetes","234855, 234857, 234856"
Comida especializada,"Vasos, Contenedores & Platos","Contenedor Biodegradable  8x8 Con División - Paquete x 50 piezas, Contenedor Biodegradable  8x8 Sin División - Paquete x 50 piezas, Contenedor Biodegradable  8x8 Sin División - Colchón 4 Paq x 50 Piezas, Contenedor Biodegradable  8x8 Con División - Colchón 4 Paq x 50 Piezas","-305136, -305133, -305142, -305139"
Comida especializada,"Vasos, Contenedores & Platos","Vaso Térmico No. 10 Reyma  Paquete x 25 piezas - Desde 6 paquetes, Vaso Térmico No. 10 Reyma  Paquete x 25 piezas - Desde 1 paquete, Vaso Térmico No. 10 Reyma  Paquete x 25 piezas - Desde 3 paquetes","295397, 295395, 295396"
Comida especializada,"Vasos, Contenedores & Platos","Vaso Térmico No. 32 Reyma  Paquete x 15 piezas - Desde 1 paquete, Vaso Térmico No. 32 Reyma  Paquete x 15 piezas - Desde 6 paquetes, Vaso Térmico No. 32 Reyma  Paquete x 15 piezas - Desde 3 paquetes","296039, 296041, 296040"
Comida especializada,"Vasos, Contenedores & Platos","Vaso Térmico No. 8 Reyma  Paquete x 25 piezas - Desde 1 paquete, Vaso Térmico No. 8 Reyma  Paquete x 25 piezas - Desde 6 paquetes, Vaso Térmico No. 8 Reyma  Paquete x 25 piezas - Desde 3 paquetes","306189, 306191, 306190"
Comida especializada,Verduras,Champiñón Cremini  Estándar - Único,-304965
Cafetería,Abarrotes,Cajeta Quemada el Cajetón 5 kg  Cubeta de 5 Kg - Desde 1 unidad,290403
Cafetería,Azúcar & Endulzantes,Azucar Estandar Stick 4gr Caja /1000 Sobres  Caja x 1000 sobres/4g - Caja,101199
Cafetería,Azúcar & Endulzantes,Azúcar Mascabado Domino 100 unid  Sobres x 4g - Bolsa,29960
Cafetería,Azúcar & Endulzantes,Azucar Mascabado Stick 4gr Caja /1000 Sobres  Caja x 1000 sobres/4g - Caja,101215
Cafetería,Azúcar & Endulzantes,Azucar Refinada Stick 4gr Caja/1000 Sobres  Caja x 1000 sobres/4g - Caja,101191
Cafetería,"Café, Chocolate e Infusiones",Café Legal Soluble Regular 180 gr.  Frasco x 180 Gr. - Unidad,98524
Cafetería,"Café, Chocolate e Infusiones",Café Molido Tueste Medio (Americano MX2) Gila 1 kg  Bolsa de 1 Kg - Desde 1 unidad,290413
Cafetería,"Café, Chocolate e Infusiones",Café Molido Tueste Medio (Descafeinado) Gila 1 kg  Bolsa de 1 Kg - Desde 1 unidad,290425
Cafetería,"Café, Chocolate e Infusiones",Café Molido Tueste Oscuro (Americano MX3) Gila 1 kg  Bolsa de 1 Kg - Desde 1 unidad,290417
Cafetería,"Café, Chocolate e Infusiones",Chocolate Abuelita Nestlé en Tablilla 540 gr  Caja x 6 piezas - Caja,69440
Cafetería,"Café, Chocolate e Infusiones",Chocolate Granulado Abuelita 1Kg  Bolsa 1kg - Unidad,26048
Cafetería,"Café, Chocolate e Infusiones",Nescafé Clásico 1Kg  Lata x 1Kg - Unidad,26031
Cafetería,Cubiertos,"Cuchara Biodegradable Paquete x 25 piezas  Sopera - Paquete, Cuchara Biodegradable Paquete x 25 piezas  Sopera - Paquete x 25 piezas",-304992
Cafetería,Cubiertos,Cuchillo Biodegradable Paquete x 25 piezas  Paquete de 25 piezas - Paquete,-304209
Cafetería,Cubiertos,"Cuchillo Compostable Ecoshell  Paquete x 100 piezas - Desde 1 paquete, Cuchillo Compostable Ecoshell  Paquete x 100 piezas - Desde 3 paquetes","288273, 288274"
Cafetería,Cubiertos,Popote Biodegradable Estuchado Corrugado 22 cm Caja x 500 Piezas  Caja x 500 piezas - Desde 1 caja,283697
Cafetería,Cubiertos,Popote Biodegradable Estuchado Corrugado 26 cm Caja x 500 piezas  Caja x 500 piezas - Desde 1 caja,283695
Cafetería,Cubiertos,"Tenedor Biodegradable Paquete x 25 Piezas  Sopero - Paquete, Tenedor Biodegradable Paquete x 25 Piezas  Paquete de 25 piezas - Desde 40 paquetes, Tenedor Biodegradable Paquete x 25 Piezas  Sopero - Paquete x 25 piezas","-304245, 230176"
Cafetería,Cubiertos,"Tenedor Compostable Ecoshell  Paquete x 100 piezas - Desde 1 paquete, Tenedor Compostable Ecoshell  Paquete x 100 piezas - Desde 3 paquetes","288276, 288277"
Cafetería,Embutidos,"Jamón Cuadrado Rebanado de Pavo y Cerdo  - Dixie Farm   Paquete de 1 Kg - Desde 2 Paquetes (2 Kg), Jamón Cuadrado Rebanado de Pavo y Cerdo  - Dixie Farm   Paquete de 1 Kg - Desde 4 Paquetes (4 Kg)","167387, 167388"
Cafetería,Embutidos,"Jamón de Pavo Rebanado - Bafar  Paquete de 400 gr - Desde 5 Paquetes (2 Kg), Jamón de Pavo Rebanado - Bafar  Paquete de 400 gr - Desde 10 Paquetes (4 Kg)","167983, 167383"
Cafetería,Embutidos,Jamón de Pavo Virginia - Dixxie Farm  Pieza Entera de 4.7 Kg Aprox. - 1 Pieza (4.7 Kg),167385
Cafetería,Granos,"Avena  Bolsa al granel desde 500g - Desde 500g, Avena  Estándar - Kg",25987
Cafetería,Mermeladas y Confituras,"Cajeta Quemada Real del Potosí 1.2 kg  Frasco de 1.2 KG - Desde 1 unidad, Cajeta Quemada Real del Potosí 1.2 kg  Frasco de 1.2 KG - Desde 3 unidades","290400, 290401"
Cafetería,Papel & Toallas,Servilleta Petalo Interfoleada Jr. 250's x 24 piezas  Una Caja x 24 paquetes - Desde 1 caja,286896
Cafetería,Papel & Toallas,"Servilleta Tradicional Kimlark x 500 Hojas  Una pieza - Desde 3 unidades, Servilleta Tradicional Kimlark x 500 Hojas  Una pieza - Desde 6 unidades","288966, 288967"
Cafetería,Papel & Toallas,"Servitoalla Kihara 6 Rollos x 180 mts  Paquete de 6 Rollos - Desde 1 paquete, Servitoalla Kihara 6 Rollos x 180 mts  Paquete de 6 Rollos - Desde 3 paquetes","283690, 288938"
Cafetería,Papel & Toallas,Toalla de Manos Marli  Caja x 10 paquetes/200 hojas - Caja,-303978
Cafetería,Pollo,"Milanesa Aplanada de Pollo  Refrigerado - Bolsa de 1 Kg ( 2mm de grosor) - Desde 2 Bolsas, Milanesa Aplanada de Pollo  Refrigerado - Bolsa de 1 Kg ( 2mm de grosor) - Desde 4 Bolsas, Milanesa Aplanada de Pollo  Refrigerado - Bolsa de 1 Kg ( 6mm de grosor) - Desde 2 Bolsas","295332, 290076, 290078"
Cafetería,Pollo,"Milanesa Semiaplanada de Pechuga - Bachoco  Charola de 520 a 670 gr (4 Unidades de 130 a 165gr c/u Aprox.) - Desde 4 Charolas (2.4 Kg), Milanesa Semiaplanada de Pechuga - Bachoco  Charola de 520 a 670 gr (4 Unidades de 130 a 165gr c/u Aprox.) - Desde 6 Charolas (3.6 Kg)","167257, 167256"
Cafetería,Pollo,Milanesa Sin Aplanar de Pollo - Ayvi.  Congelada - Caja de 11 Kg - 1 Caja (11 Kg),175195
Cafetería,Pollo,Pechuga Cocida de Pollo  Deshebrada  Refrigerado - Bolsa de 1 Kg - Desde 2 Bolsas,283601
Cafetería,Pollo,"Pechuga Cocida y Deshebrada de Pollo - La Penca  Refrigerada - Bolsa de 1 Kg - Desde 2 Bolsas  (2 kg), Pechuga Cocida y Deshebrada de Pollo - La Penca  Bolsa de 1 Kg - Desde 4 Bolsas  (4 Kg), Pechuga Cocida y Deshebrada de Pollo - La Penca  Bolsa de 1 Kg - Desde 4 Bolsas  (4 kg)","179696, 179697"
Cafetería,Pollo,"Pechuga de Pollo Corte Mariposa   Congelado - Bolsa de 2 Kg - Desde 2 Bolsas, Pechuga de Pollo Corte Mariposa   Congelado - Bolsa de 2 Kg - Desde 4 Bolsas","285341, 285342, 308265"
Cafetería,Pollo,Pechuga Entera con Hueso y Piel  Refrigerado - Bolsa de 2 Kg / 4 Piezas Chicas (550gr c/u Aprox.) - Desde 1 bolsa,278241
Cafetería,Pollo,"Pechuga Entera con Hueso y Piel.  Congelado - Bolsa de 2 Kg - Desde 1 bolsa, Pechuga Entera con Hueso y Piel.  Congelado - Bolsa de 2 Kg - Desde 3 Bolsas, Pechuga Entera con Hueso y Piel.  Congelado - Bolsa de 2 Kg - Desde 2 Bolsas","290277, 290275, 290276"
Cafetería,Quesos,"Imitación Queso Oaxaca Orión de 1kg  Bolsa 1kg - Más de 2, Imitación Queso Oaxaca Orión de 1kg  Bolsa 1kg - Más de 4","106889, 106890"
Cafetería,Quesos,"Imitación Queso Panela Orión  Bolsa 1kg - Más de 2, Imitación Queso Panela Orión de 1 Kg  Bolsa 1kg - Más de 4","106895, 106896"
Cafetería,Quesos,Queso cottage - Lyncott de 960g  Envase de 960 gr - Desde 1 envase,201116
Cafetería,Quesos,Queso De Cabra Natural Mi Queso  Pieza 200gr - Más de 10,"125848, 125849"
Cafetería,Quesos,Queso Tipo Manchego La Quinta  Bolsa x 2.2 Kg - Unidad,132592
Cafetería,Quesos,"Queso- Crema Lechef 1,36Kg  Barra 1,36Kg - Más de 2, Queso- Crema Lechef 1,36Kg  Barra 1,36Kg - Más de 3","55161, 114546"
Cafetería,Quesos,Queso-Mozzarella Food Service 5 Kg  Bolsa x 5 Kg - Unidad,63994
Cafetería,Salsas,Aderezo blue cheese - Hellmann's  Tarro de 3.7 L - Desde 1 tarro,201137
Cafetería,Salsas,Aderezo Cesar con Hierbas - Hellmann's  Caja de 1.8 Kg - Desde 1 caja,178411
Cafetería,Salsas,Aderezo ranch - Hellmann's de 3.7 L  Tarro de 3.7 L - Desde 1 tarro,201131
Cafetería,Salsas,Vinagreta Balsámica - Hellmann's  Caja de 1.8 Kg - Desde 1 caja,178409
Cafetería,"Vasos, Contenedores & Platos",Bolsa de Asa Biodebreadable 25x50 1 KG  Paquete de 1 Kg - Desde 3 unidades,288946
Cafetería,"Vasos, Contenedores & Platos","Bolsa de Asa Biodebreadable 30x60 1 KG  Paquete de 1 Kg - Desde 3 unidades, Bolsa de Asa Biodebreadable 30x60 1 KG  Paquete de 1 Kg - Desde 1 unidad","288949, 288948"
Cafetería,"Vasos, Contenedores & Platos","Tapa de Vaso Térmico No. 8  Paquete de 100 piezas - Paquete, Tapa de Vaso Térmico No. 8 Dart  Paquete de 50 piezas - Desde 10 paquetes","37179, 219692"
Cafetería,"Vasos, Contenedores & Platos",Tapa lisa para vaso No. 8  Paquete de 50 piezas - Paquete,62790
Cafetería,"Vasos, Contenedores & Platos",Vaso Para Café Ecoshell 16 Oz Compostable  Paquete x 50 piezas - Desde 1 paquete,289054
Cafetería,"Vasos, Contenedores & Platos","Vaso Térmico 10 Biodegradable  Paquete x 25 piezas - Más de 20, Vaso Térmico 10 Biodegradable  Paquete x 25 piezas - Unidad","135939, 135941, 135940"
Cafetería,"Vasos, Contenedores & Platos",Vaso Térmico 8 Biodegradable  Paquete x 25 piezas - Unidad,"135691, 135689"
Cafetería,"Vasos, Contenedores & Platos","Vaso Térmico Dart No. 8  Paquete de 25 piezas - Paquete, Vaso Térmico Dart No. 8  Paquete de 25 piezas - Desde 40 paquetes","36995, 219739"
Cafetería,"Vasos, Contenedores & Platos","Vaso Térmico No. 10 Reyma  Paquete x 25 piezas - Desde 6 paquetes, Vaso Térmico No. 10 Reyma  Paquete x 25 piezas - Desde 1 paquete, Vaso Térmico No. 10 Reyma  Paquete x 25 piezas - Desde 3 paquetes","295397, 295395, 295396"
Cafetería,"Vasos, Contenedores & Platos","Vaso Térmico No. 32 Reyma  Paquete x 15 piezas - Desde 1 paquete, Vaso Térmico No. 32 Reyma  Paquete x 15 piezas - Desde 6 paquetes, Vaso Térmico No. 32 Reyma  Paquete x 15 piezas - Desde 3 paquetes","296039, 296041, 296040"
Cafetería,"Vasos, Contenedores & Platos","Vaso Térmico No. 8 Reyma  Paquete x 25 piezas - Desde 1 paquete, Vaso Térmico No. 8 Reyma  Paquete x 25 piezas - Desde 6 paquetes, Vaso Térmico No. 8 Reyma  Paquete x 25 piezas - Desde 3 paquetes","306189, 306191, 306190"